frame_no,rotation
10,-0.9851670462059391
20,-0.45670970764310914
30,0.9594579376083571
40,2.002587207149088
50,0.8526188091510218
60,-0.347969388216371
70,-0.7974811618280946
80,-0.6169728486091564
90,0.20962343834208144
100,0.32481063742015026
110,0.6799027727864889
120,1.127424013677465
130,0.9503279184017315
140,0.4211655763594617
150,-0.39510321468797227
160,-0.1862770409428039
170,-1.150268332388652
180,-2.5006644833701546
190,-0.8438341203713263
200,-0.5144408519828674
210,-0.9771384614039272
220,-0.6195318525167884
230,-1.2125489655585622
240,-1.4722584782181658
250,-1.7148828499355848
260,-0.6881319349697635
270,-0.08742636327127103
280,0.42903889854274574
290,-0.8034886106345636
300,-0.12625789683323907
310,0.19360299555842375
320,-0.3481017706986596
330,-0.6626251499377461
340,-1.2021515395397295
350,-1.2051757544103414
360,-0.16615983566131376
370,0.9741213156710486
380,0.8754413748182152
390,1.1772908648686957
400,1.6909500868584344
410,1.3562847049447306
420,0.8306990899325261
430,0.7715959498893346
440,1.3118807924301672
450,1.375515608390821
460,1.5463934674286117
470,2.140051672065736
480,1.1132538092291722
490,-0.3267803584194848
500,-0.7766367368439614
510,-0.02090995820559488
520,0.3940251428176766
530,1.4855575248491713
540,2.514084356823385
550,1.7521774111837367
560,1.1983184550505936
570,0.5746460610752215
580,0.29721229063514976
590,-1.4060704186746837
600,-1.2619075327322722
610,0.6797179491138481
620,1.185050840916562
630,1.1951797106003146
640,2.351373398528039
650,4.123200443252303
660,2.975586565774502
670,3.392309300943617
680,2.986123001542505
690,-3.4620529257682597
700,-4.312452236786047
710,-1.1847884002352234
720,-2.5904310208479826
730,-0.7871212667352596
740,0.9583013065157435
750,0.15296073090585413
760,-1.5523653315022894
770,-0.7123312789958374
780,0.7321015354941321
790,1.6637353210465733
800,-0.5092074388001631
810,-2.0429227278959408
820,-0.16700301839644172
830,5.926719863006752
840,-0.3340001536194388
850,-3.225138902532608
860,2.215317618823356
870,-1.1880108517355508
880,-0.2652938706168475
890,-1.2180478305865587
900,-1.5687366477736675
910,-0.5750750042740072
920,-0.4152122399024238
930,-0.30366035481965886
940,-1.1578641807453955
950,0.12891914052035164
960,1.4923366926968824
970,2.187930649189568
980,1.8932653463373383
990,3.960954768488608
1000,2.429194704704126
1010,-1.1175543437829385
1020,-0.6157931269052552
1030,-0.5267184015117323
1040,-1.351328987005083
1050,0.6228321734642697
1060,1.4960768506705198
1070,0.5801250337072865
1080,0.6169218238363114
1090,1.8718104665507678
1100,2.255630525685551
1110,-0.7721688069167114
1120,-3.454787980917754
1130,-0.7568264091341118
1140,-0.5551137434060859
1150,-1.7969726072658387
1160,-2.9900464550948787
1170,-3.023704307363294
1180,-1.456308641223988
1190,-0.8839294193837874
1200,-1.8121765843596276
1210,-0.5131425272061967
1220,-0.05748796805246463
1230,-0.5630045692566497
1240,-0.5274169278937776
1250,0.7348445101260996
1260,0.8822854854206295
1270,0.7463959197776229
1280,0.5201400259766548
1290,-0.47375761375200304
1300,-0.8973396413147686
1310,-1.898791547559817
1320,-1.5202892101875107
1330,0.10204298859656778
1340,1.7494295507862931
1350,0.610526752596863
1360,0.7086672686775849
1370,1.4437977829228374
1380,2.371837531392826
1390,2.3452018616852093
1400,0.14448211431511396
1410,-2.14963047243063
1420,-2.2528586077921706
1430,-0.849947255997714
1440,0.17303047022850176
1450,0.8062704217517326
1460,1.5425680236120867
1470,0.5789972400813332
1480,-0.9528945915331388
1490,-1.2265477468924915
1500,-0.9219245921196826
1510,0.2964191860708717
1520,0.18370286010090775
1530,-0.3836239334401205
1540,-0.6561159021671598
1550,-0.14911690107566
1560,0.5641254962551134
1570,0.5636057341813079
1580,-0.6643596411502011
1590,-0.8603731126034876
1600,-0.04955368222962178
1610,1.1413124035962334
1620,-0.11167079235441077
1630,-0.8342088869464879
1640,-0.6952215344746162
1650,-0.42808223312497523
1660,0.13047319163203924
1670,0.6223327395319069
1680,0.7653812746628661
1690,0.06160896701830801
1700,-0.4010113714699582
1710,-0.43781323243366427
1720,-0.260935251588738
1730,-0.24123652809058777
1740,0.16296191603618637
1750,-0.6588856267408234
1760,-1.407939035803206
1770,-1.2136041539465798
1780,-0.5557793274930796
1790,-0.9649899959379127
1800,-0.5744087647685631
1810,1.0085541664265645
1820,1.0449846688275999
1830,0.43667650739838376
1840,-1.070690953569243
1850,-2.0901372907225246
1860,-1.3331714428843426
1870,0.3286830206600928
1880,1.6242465357181015
1890,1.1685926528162376
1900,0.2991678434220062
1910,-0.3748946595470083
1920,-0.8835400387167951
1930,-0.6989474507486803
1940,-0.4804096763415695
1950,0.3020749149091978
1960,0.07123247084998587
1970,1.1246132412760292
1980,0.1724701878198683
1990,-0.8874012484808874
2000,-1.768286313565786
2010,-0.11205844827050049
2020,-0.01875444044992173
2030,1.1234622898612714
2040,0.9428723091083394
2050,0.4645162980321563
2060,0.41447401057703037
2070,-0.26091221969713774
2080,-0.6192311467630398
2090,-0.1783191882604637
2100,-0.661296144319236
2110,-1.1752248518089958
2120,-1.5116999666859767
2130,-0.9110135720167741
2140,-0.6560590251589218
2150,0.1429261010595538
2160,0.025329195801344195
2170,-0.8614591542303772
2180,-0.5033976925319374
2190,-0.26381852948588225
2200,0.28938286385203543
2210,-0.1434892838551663
2220,-0.1715237610154069
2230,-1.2473319406189034
2240,-1.079250974921014
2250,-0.7120439821571198
2260,0.39101559883774817
2270,0.4915311638562897
2280,0.6159523880532753
2290,0.5632219258352061
2300,0.7456114871744711
2310,0.6017748590443686
2320,-0.929712127274989
2330,-1.1564002779604725
2340,-0.8925578719964397
2350,-0.3926134018720403
2360,-0.4857329027673675
2370,-1.7016918743581784
2380,-1.7282266304592555
2390,-0.758875027124982
2400,0.06460614066591328
2410,-0.9373157416042481
2420,-0.730162737218661
2430,0.06256476742925207
2440,1.148274265036569
2450,0.3769663443251505
2460,-0.5359377349390837
2470,0.1509239008868202
2480,0.6061268726332707
2490,0.85383983937719
2500,1.7205890689306222
2510,1.4799823695066896
2520,1.1293579791420603
2530,0.6502848805451265
2540,-0.26032021371018266
2550,0.4790595985507564
2560,0.1779653688707996
2570,-0.2292575710308063
2580,0.34884632876383564
2590,1.0173175679149544
2600,0.4875001265650859
2610,-3.295486757984695
2620,-1.0467398016519533
2630,0.8839703406381785
2640,1.5499598253566975
2650,-0.9323215235321204
2660,-1.187544390638719
2670,-0.4037729970498657
2680,0.4109201342739027
2690,-0.6991412610419341
2700,-1.7948121166534667
2710,-1.6160879348848942
2720,0.4426427864243151
2730,1.9645741168047859
2740,0.9449951409416815
2750,0.5372430073762887
2760,1.2093885510858464
2770,1.9895175002205736
2780,1.643533422847162
2790,-0.16051081310975615
2800,0.6580367043198972
2810,1.1102794922105281
2820,1.4541242872188185
2830,1.6098811918261147
2840,0.7957929259695238
2850,1.1590791488165924
2860,1.7907024260858526
2870,2.1925215466975367
2880,1.581892157993282
2890,0.6894789367780442
2900,0.4706254807813699
2910,1.1021838627289968
2920,0.33825129454298963
2930,0.4625592515685826
2940,-0.42272750687171495
2950,-0.10879319311981431
2960,-0.5259870917812489
2970,0.06526670109112138
2980,-0.03255405458799295
2990,-0.27082573543080457
3000,0.08803977784411489
3010,-0.5646717312289844
3020,-0.9012324645049514
3030,-1.1849922652022533
3040,-0.6538057797870697
3050,-0.35389904547183015
3060,0.4359160602559658
3070,-0.06265673581968545
3080,-0.5349757074233743
3090,-0.4309677733996699
3100,-1.362886536847946
3110,-2.815852497465663
3120,-2.3861992658876914
3130,-0.32187845926332886
3140,1.968154778038555
3150,1.431454236173422
3160,-0.1825473403748093
3170,0.1528705922738317
3180,0.03984378350871254
3190,0.02702290597419603
3200,-1.1950609660816507
3210,-1.2268078193322558
3220,-0.7787164682175437
3230,-0.32571100671641656
3240,-0.029479990301531284
3250,0.07271098581759368
3260,-0.6720463624499339
3270,-0.36406022492964507
3280,0.13393623698877358
3290,0.32739700011614603
3300,0.037100142327317065
3310,0.0896273474489149
3320,0.7185033535721861
3330,1.6276951176657262
3340,0.7526333279441068
3350,0.25791216987610227
3360,-0.33376047631041583
3370,-0.2848278377618714
3380,-0.00206833185624343
3390,0.29717975265557833
3400,0.29338853569861345
3410,0.552093245366083
3420,0.0530162626509637
3430,-0.743632243718579
3440,-1.0379267692302498
3450,-0.34673231403612864
3460,1.685308175161791
3470,1.116647252458102
3480,-0.8940590431088506
3490,-1.4472705966357455
3500,-0.2751672704869442
3510,0.7421258802827695
3520,1.1083673631667161
3530,-0.4494629197763136
3540,-4.573007073240774
3550,-3.922349226771861
3560,-0.1902577124759562
3570,0.45536450413274
3580,0.4242542919885976
3590,0.8506273817990119
3600,1.7477886429465874
3610,1.259855778979911
3620,0.029739289265846958
3630,-1.5022267215805396
3640,-1.5213513706073496
3650,-1.2401552297761451
3660,-0.9575266387715653
3670,-0.4614738304541144
3680,-1.3774484080879563
3690,-2.495774609581152
3700,-4.055863269474761
3710,-3.0189879184050694
3720,-2.581840707410992
3730,-0.9362268570030245
3740,1.166542217762215
3750,1.5633098897923183
3760,1.595020800326972
3770,1.1795213198145063
3780,0.14899415331237856
3790,-1.7583056202887353
3800,-1.910632613933972
3810,-0.657805967574886
3820,0.19832769595589633
3830,-0.9745516364802884
3840,-1.508133591074012
3850,-1.4921703640789208
3860,-0.5963747345418862
3870,-0.017896855622684033
3880,0.20029807957070286
3890,0.11939413206735039
3900,0.2889425553606615
3910,3.1928671180045245
3920,5.481917840401424
3930,1.833992811774921
3940,-0.9494159504585518
3950,-5.0688841154660444
3960,-0.7678564902080014
3970,-0.34051452717631114
3980,-0.2893059387403226
3990,0.36863341364781504
4000,1.1359102652039863
4010,1.9182144948361695
4020,0.6597241527289422
4030,-0.07165150988588664
4040,-0.5499570157147419
4050,0.5084006057041024
4060,0.513338081249952
4070,1.0243982152052895
4080,0.15509121699292872
4090,0.6505304896563091
4100,0.31079189466665635
4110,0.07786432196089002
4120,-0.28928004681767255
4130,0.16215476027138268
4140,-0.48849753194347
4150,-0.7768297648406077
4160,0.11623654317321538
4170,0.6637386152646446
4180,1.0728059227777282
4190,0.8797449413172795
4200,0.43028490728426155
4210,-0.3072019179530677
4220,-1.224368886925156
4230,-1.1026608607615744
4240,0.7287626231078612
4250,1.5735482242017245
4260,2.0928981687526367
4270,0.9552071741728466
4280,-0.6594331102599806
4290,-2.1633368539385893
4300,-1.7319173498008338
4310,-0.5030066389515373
4320,0.1737820958838916
4330,0.3469106205559481
4340,-0.16274078289313929
4350,-0.6283785063979596
4360,-0.6236527068581308
4370,-0.517268448391863
4380,-0.7040989987116669
4390,0.5118273817187572
4400,0.914268721484484
4410,1.1001012198969349
4420,0.7547806467508529
4430,-0.8724982113322608
4440,-2.8938760489324142
4450,-3.887901919436884
4460,-3.1079096670311546
4470,-0.7401739969241571
4480,0.7626255197648221
4490,-0.8362661431894287
4500,-2.084354645960012
4510,-2.149837832883555
4520,-1.7517696994441219
4530,-1.394893371799416
4540,-0.45739285776792893
4550,1.3874319193645823
4560,1.329786739181522
4570,0.5844859123692198
4580,0.2697353099929623
4590,0.656534687000413
4600,-2.073036892458939
4610,-2.49850244265516
4620,-0.9989422841533102
4630,0.42849241616083317
4640,1.0099452465014784
4650,0.8272667050149485
4660,0.5882680589496583
4670,0.17247003603265182
4680,0.12652315853447624
4690,-0.29328440174922393
4700,0.2968949508277219
4710,-0.021045987937184416
4720,1.1966910435033251
4730,0.3194249842975765
4740,-0.10061861343101794
4750,-0.632447594135657
4760,-0.3169508099153914
4770,-0.6195470863419866
4780,-0.980874789803927
4790,-0.8878752652058706
4800,-0.6150235326898809
4810,0.05560408049375895
4820,-1.1260677890053443
4830,-1.0015211480931916
4840,-0.32737279197059377
4850,0.5288892484019906
4860,-0.14732965527554068
4870,0.059034526693456324
4880,-0.03893353427970003
4890,-0.5896430858809042
4900,-0.31062612398569306
4910,0.08154861179631204
4920,0.5461064435215279
4930,1.3365326176142769
4940,6.760048925062428
4950,-1.9149699147199275
4960,-2.32200940221426
4970,-0.6486936367595476
4980,5.729705787173002
4990,-3.4309796064010927
5000,-1.313409026985589
5010,-0.6196913908672866
5020,-0.6963784831143899
5030,-1.7645233441379093
5040,-4.1992571566296615
5050,-3.197549830943947
5060,-1.2211205674897376
5070,0.6898040473734902
5080,1.5487385281414419
5090,1.1296376296032347
5100,1.1985071571062615
5110,1.4622221866359033
5120,1.1972433969441916
5130,-0.5331945813613067
5140,-1.772820483382172
5150,-1.398339320057751
5160,0.11630589883572154
5170,1.0214247550020361
5180,0.9348706805647853
5190,1.6641523204836015
5200,6.109484033233295
5210,2.4710070762025618
5220,1.4505342903251643
5230,-1.7360475242546403
5240,-1.540951868726617
5250,-1.4346731189141366
5260,-0.059167087492164136
5270,1.101998175197607
5280,1.0659984729925722
5290,-1.0266823040943023
5300,-1.2585505479310664
5310,-1.6130679998173418
5320,-1.8793742676082175
5330,-1.1795302397432692
5340,-0.7944551477019081
5350,-0.24258151874886866
5360,-0.8969950171713061
5370,-0.905545258861499
5380,-1.6105506523452775
5390,-0.376717763741734
5400,-1.2836573263042794
5410,-0.7757240880333074
5420,-0.4716304841443236
5430,0.39044441682487185
5440,-0.03378704908956816
5450,0.6182422251521347
5460,2.111729398029464
5470,1.6937904541590172
5480,0.8574420870646041
5490,1.558433380711523
5500,2.0082519942349184
5510,1.7147134246394742
5520,1.8909780985260467
5530,2.1630698845224607
5540,1.8466831010156475
5550,0.8860831987288967
5560,0.42945679419116956
5570,1.109502021347201
5580,1.889572695827157
5590,1.5311034300582786
5600,1.1854590823574287
5610,-0.20599964263873333
5620,-1.2518039680210165
5630,-0.0984113398349941
5640,1.0604840312737105
5650,0.753806447806973
5660,-0.17785360054489974
5670,-0.2708595301809584
5680,0.8595573157395036
5690,0.962367556416398
5700,0.03995408700145114
5710,-0.2863278190161429
5720,-0.4158403923152024
5730,0.570933585877268
5740,3.714347907753862
5750,4.708362424691483
5760,2.5867152951697827
5770,1.452296139508576
5780,-0.03376277587570073
5790,-0.9674244546070861
5800,-2.1887421648092364
5810,-4.640677145247376
5820,-2.4115399582063786
5830,-2.1410376070084607
5840,1.2109251853610805
5850,0.7056536840518032
5860,0.5508241759275793
5870,-0.38450934313782675
5880,-1.4001736320858982
5890,-0.10505514394869822
5900,4.4276326171799365
5910,3.7938071148919787
5920,-0.6672923116168671
5930,-6.189228975975584
5940,-4.251898750000712
5950,-2.088388519208236
5960,0.8386014042377095
5970,2.0874936472046404
5980,0.7600718238651769
5990,-0.12893055741701803
6000,-0.8265828579058572
6010,-1.0745863355202767
6020,-1.9519845392273587
6030,-2.2855820115915724
6040,-0.597475774215304
6050,-4.626691629563231
6060,-2.2270337354022454
6070,-0.6440702292176081
6080,-0.405791493208097
6090,-1.2911662233668988
6100,0.16612531972339395
6110,-3.5587995828101846
6120,-3.633346527135862
6130,-1.760637857054803
6140,-1.9507663166146598
6150,-1.5499824236271529
6160,-0.2591739734285834
6170,-0.23442489269965816
6180,2.100721400071477
6190,3.1940601958393033
6200,-0.7226963061948727
6210,-0.5515765825886891
6220,-1.3567863993591591
6230,-1.543540893232592
6240,-1.1945808117082393
6250,0.1317641463105469
6260,0.4527443008761955
6270,0.3649460297542572
6280,-0.35201192303317513
6290,0.1888260345800964
6300,0.557373626394788
6310,-1.244213057514184
6320,-3.4793863932839497
6330,-1.2045296842705975
6340,0.3448149096840417
6350,0.873044406258845
6360,0.5844229834949477
6370,-0.5768429210945827
6380,-1.1442899030620346
6390,-1.845943447125624
6400,-1.3208263737016983
6410,-0.35397285028822384
6420,-0.2797277898190699
6430,-1.2143785536190488
6440,-1.1017879202961662
6450,-1.35196889705902
6460,-0.9777343762291992
6470,0.23219435724721033
6480,0.9469086578077527
6490,-1.0466051444813906
6500,0.09720991831459355
6510,1.0970600071504228
6520,-0.21538572542356568
6530,-9.036304054885072
6540,-2.423845778598895
6550,-2.4016638435803226
6560,-2.0536820756746086
6570,-1.1963883016182437
6580,-1.3542318492817487
6590,-0.7689044590158964
6600,1.1845079346755893
6610,1.6559961566953953
6620,1.132472132534606
6630,0.5314519674295997
6640,1.609060331494419
6650,2.326708175761187
6660,2.345371393448709
6670,2.179363677928919
6680,2.0257470554622987
6690,2.4189803127775193
6700,2.1374339465962207
6710,1.5544980790902707
6720,1.068004692984835
6730,0.7524319180101957
6740,0.37006868081032807
6750,0.04739918121031975
6760,0.020901310125834183
6770,0.5221264817337754
6780,1.3480210324983157
6790,-0.3638231629393246
6800,-2.42840975601662
6810,-0.4494394968450591
6820,0.1659039441543343
6830,0.37927041057126826
6840,-0.23655754940692364
6850,-0.503365346279855
6860,-0.3530727396918956
6870,-0.11002644792732202
6880,-0.4033137384834079
6890,-0.783476134941779
6900,-1.3999443068565225
6910,-0.7518350897216182
6920,0.4943150757791881
6930,1.1783444161009058
6940,-0.5584213692694947
6950,-0.16087528122104566
6960,-0.014965156733794255
6970,0.8962825397449053
6980,0.15285554244176724
6990,-0.10351894462667435
7000,0.86785462592076
7010,1.437880801889895
7020,2.219942652819186
7030,2.4065640110117927
7040,1.9360648945462706
7050,0.47768094554880675
7060,-0.3850317459525549
7070,0.21593912168650448
7080,-1.1417349750169368
7090,-0.8143658527048196
7100,0.27555594134868366
7110,0.9238732395962517
7120,0.7596319969234608
7130,0.7491966710100195
7140,0.02331611892451907
7150,-0.27936031689222235
7160,-0.8702527679991325
7170,-0.08356871650802031
7180,-0.1267467255032751
7190,-0.7992929549458739
7200,-0.8161652976868443
7210,0.4480466375041785
7220,0.44088871329435286
7230,-0.8005774490018283
7240,-0.7154125875277005
7250,-0.5976647141868181
7260,0.16134319937725242
7270,0.36769039520171853
7280,-0.26756287294365694
7290,-0.5584505722898819
7300,0.22591234584345113
7310,-0.12570686654042515
7320,-0.3526733060795456
7330,-0.5398859026880788
7340,-0.996588197847161
7350,-0.4496942214552478
7360,-0.1368732345217109
7370,-0.5698550056245933
7380,-0.18147279307456352
7390,0.22352941359039474
7400,-0.08755935618809729
7410,0.5022856918444967
7420,-0.17013649423286686
7430,-0.9553918600380975
7440,0.18170457818901825
7450,0.7029142212236353
7460,0.34928898353370785
7470,0.47012189840504487
7480,0.1346423012157499
7490,-0.0692867646789941
7500,-0.589492071774281
7510,-0.3573002629225084
7520,0.7793706675084886
7530,1.819084845020073
7540,1.7243175490145415
7550,1.6883637216696243
7560,0.26472065857393023
7570,-0.5417205923352836
7580,-1.1590286139742492
7590,-1.3777697239956364
7600,-1.3380090987587985
7610,-0.4814736635245469
7620,-0.00863715170222154
7630,-0.624005356215549
7640,-0.3099673890157437
7650,-1.1451501393129668
7660,-1.2289031371943857
7670,-0.7663030493731817
7680,-0.7099837384027186
7690,-1.3601011101448455
7700,-1.0393162920039423
7710,-1.3816735344270736
7720,-1.5873974491959824
7730,-1.243257550026199
7740,0.4800528076366264
7750,0.9514379326478696
7760,1.3005108014802336
7770,1.2505114304240386
7780,1.0739671634725427
7790,0.7292408193695786
7800,-0.2138903266243145
7810,0.10089376751156773
7820,0.8849178802825659
7830,2.0828263675938223
7840,1.8748734798448432
7850,2.133529840046988
7860,1.448957382044175
7870,0.9975504018010758
7880,0.7290861338095143
7890,0.6238079452439494
7900,0.6006588408177397
7910,1.1177990064370424
7920,1.2804983940988923
7930,0.4218199752998002
7940,0.3195534023311195
7950,0.4506561408495391
7960,0.8442790126848083
7970,0.21170007041924474
7980,-0.38721973285626005
7990,-1.128223357049379
8000,-1.5683694250540243
8010,-0.8986128763560192
8020,-0.649559929732009
8030,-0.2150901395047105
8040,-0.6570598807135629
8050,-1.3769761043702444
8060,-1.9491501121332255
8070,-2.1223068711288136
8080,-1.6649831701906275
8090,-0.9531863728732632
8100,-0.7014686493478092
8110,-0.4157418184656656
8120,0.18317852296660528
8130,-0.5856454494608139
8140,-0.8487830372119637
8150,-1.616771668953495
8160,-1.7161587715159503
8170,-1.4932694827435822
8180,-0.39312110056150684
8190,0.07412271119343046
8200,0.47681142509300206
8210,0.08317286070406099
8220,0.2687585031927515
8230,-0.20793632701507114
8240,-0.40964326960809583
8250,-0.7713593724039873
8260,-0.7832170232014037
8270,-0.4660946102688444
8280,-0.05149336848416469
8290,0.2809198142910044
8300,-0.17545145031244844
8310,-0.20429283874585177
8320,-0.08741605026869642
8330,-0.3484271563286218
8340,-0.8740442496697512
8350,-0.6270053436065046
8360,0.1820858823779961
8370,1.151475581561167
8380,0.7703984338018481
8390,0.6675352755902584
8400,-0.2784507801235744
8410,-0.3807536767023012
8420,-0.32699998568048566
8430,0.1642531191448743
8440,0.678185928827315
8450,1.122226483415794
8460,0.788238293597493
8470,0.24350134229421072
8480,0.2675351043445073
8490,0.9708665662149919
8500,0.5745068080363791
8510,-0.1929054700562487
8520,-0.632484450901768
8530,-0.7651332532445668
8540,-0.2842554388567492
8550,1.1699364993689845
8560,1.4274630193898792
8570,1.28260452077523
8580,1.0990074026706844
8590,0.48772636886496956
8600,-0.35246307939947924
8610,-0.6780949090382754
8620,-0.6452075557030053
8630,0.07387814233254802
8640,0.6233381519163987
8650,1.1832786034430716
8660,0.3120711348594266
8670,-0.883726703781501
8680,-1.151864741676765
8690,-0.724166648539356
8700,0.1593621912224405
8710,1.5620312448678524
8720,1.3499681901566944
8730,0.5826115217029437
8740,-1.0957978429356487
8750,-1.8193826423028499
8760,-1.3038659631129854
8770,-1.0541854133954476
8780,-0.6792111468363922
8790,-0.6045576186773886
8800,-0.7318057442357296
8810,-1.004140855941181
8820,-1.0121273581627146
8830,-1.2436315499709378
8840,-0.2828445562504899
8850,0.9188473212220143
8860,0.40280480582116995
8870,0.08679519093482088
8880,-0.2067995960818041
8890,-1.1620892698572005
8900,-0.2689094956545184
8910,1.010248993297739
8920,2.3019821355238674
8930,2.601823144544594
8940,2.177091575132009
8950,1.0677260365468517
8960,0.48625395007874306
8970,-0.2848520949036635
8980,-0.8220059402457248
8990,0.547301147320029
9000,1.260937474444083
9010,2.0924910409336555
9020,0.9179983625222005
9030,0.42358477492211266
9040,0.3468679065008962
9050,0.38573380949084823
9060,0.39263396260397343
9070,0.05473245891489597
9080,-0.44660723257238827
9090,-1.256986138210615
9100,-2.053484863461669
9110,-1.9055912530118277
9120,-0.7776111499456871
9130,0.6264024292925673
9140,0.2721898640159875
9150,-0.641567222873224
9160,-1.5889901080070248
9170,-1.7530630656398238
9180,-1.5664455562384756
9190,-0.9100771931558969
9200,0.5798119413522992
9210,1.5133342843157989
9220,1.8535719930714143
9230,0.9245232346064305
9240,-0.3471189053832111
9250,-0.7673005082670229
9260,-1.1283532226492545
9270,0.1772303475691171
9280,1.6887217852259395
9290,1.1459867168435802
9300,0.07349124152230921
9310,-0.322023705395728
9320,0.05440260695992469
9330,-1.0820197897494972
9340,-1.6751890493494952
9350,0.43044265866935366
9360,1.5468515722283964
9370,1.1830190339377649
9380,-1.1079696743457361
9390,-4.0924045188454246
9400,-4.188497497928997
9410,-2.3736209281666456
9420,-0.37494779971511266
9430,0.6009214204194373
9440,-0.6784907735805104
9450,-1.988313558447698
9460,-1.2115158303540952
9470,0.498670755168519
9480,0.7872220277286566
9490,-0.8023988409238372
9500,-0.07256862153926698
9510,1.3114910517680785
9520,1.685968868800812
9530,1.4642462874597575
9540,0.12555189755229765
9550,0.058231402485808686
9560,0.4849771745864329
9570,0.8466379704742677
9580,0.13884508425770073
9590,-0.1803270500433515
9600,-0.7606721580965289
9610,-0.7460333462280584
9620,-1.1414515788009834
9630,-0.2815892171508213
9640,0.12310732434437097
9650,0.34546868012368487
9660,1.083486793190659
9670,1.751476626191042
9680,1.3505810354406553
9690,-0.795655086733785
9700,-2.087994924846673
9710,-1.5681713160811703
9720,0.19459467263944105
9730,1.0412484477627846
9740,0.8067065835059473
9750,1.2836654078312473
9760,2.3911699829988597
9770,0.1226886656143846
9780,-1.3813880873672508
9790,-2.2835279375309976
9800,-0.7781102085376658
9810,0.7265691158367172
9820,0.255840907250967
9830,-1.1255933703294976
9840,-1.5809542950098874
9850,-1.5064532682709326
9860,-1.0860028708129856
9870,-0.39272722046858866
9880,-1.671462163264822
9890,-1.6488909158274687
9900,-1.0182009101920522
9910,-0.90033668062461
9920,-6.029764477794742
9930,-0.6186449623012944
9940,0.3796186101646157
9950,1.017810248881364
9960,1.0733929872985213
9970,0.6479125711701381
9980,-0.28959056534790406
9990,-0.3436441459288365
10000,0.9923998559946359
10010,1.8412688648963105
10020,2.6394397740309965
10030,1.1388699493608425
10040,0.08700549387307467
10050,-0.316009406669306
10060,-0.4884199511263797
10070,0.4610254666576566
10080,-0.24617960138884046
10090,-1.0790068105948913
10100,-0.7728818816745308
10110,-1.2450974385352824
10120,-0.058353401813869374
10130,0.11500207309178365
10140,-0.13801567925060454
10150,-0.7023718240143872
10160,-1.5685034612828384
10170,-1.3271183839389022
10180,-0.6244974308142456
10190,-0.12031107076346403
10200,-0.23948018095186982
10210,-1.8914481618484862
10220,-1.977696377923502
10230,-0.634202080186059
10240,0.09686082391393158
10250,-0.6104382538226372
10260,-1.9714608274488048
10270,-2.170469665896494
10280,-1.9780031433850653
10290,-1.986480652881507
10300,-0.5242230663519407
10310,0.11065848065055638
10320,0.045657680395732037
10330,1.3076730217519734
10340,1.4492678751005177
10350,0.17345209766397524
10360,-1.0457991252680061
10370,-1.2142148427118078
10380,-1.0077952995128767
10390,-0.5573336685473528
10400,-0.7138938823321365
10410,-0.852766194069331
10420,0.277698255885108
10430,1.1027903120206302
10440,0.6686784976493592
10450,-0.7802265251281355
10460,-6.467407443032482
10470,-1.269674441816532
10480,-0.5034997982209212
10490,-1.399536008079253
10500,0.8859453606921484
10510,2.2337612826766073
10520,5.195019491456728
10530,7.141173929505122
10540,1.213973565963297
10550,1.7195136513729896
10560,3.8239490507888445
10570,2.049054799830171
10580,3.931892188653956
10590,1.7951493160637597
10600,-1.5893031981633303
10610,-0.19408541408343008
10620,1.3927907017242147
10630,1.5039617512346821
10640,-0.2995781323816127
10650,-0.5108498007499664
10660,-0.08635457179751946
10670,0.2708571484353475
10680,-1.140152980947991
10690,-1.4260951833544186
10700,-0.9616889092286034
10710,-0.11791587823771454
10720,1.3599120721222788
10730,1.260737863715993
10740,1.0654843580870332
10750,1.0287222505270837
10760,-0.37999677252119385
10770,-1.4753136803557652
10780,-1.8263950328457872
10790,-0.27797589237116377
10800,0.024383640160289252
10810,0.7958786810977908
10820,0.31428812783740995
10830,0.296539419587882
10840,-0.10792071763941263
10850,-1.673143433815484
10860,-4.823506166845522
10870,-2.182933203383486
10880,0.15936125171378512
10890,1.3324206966781615
10900,1.5311211498037463
10910,-0.4087987330267566
10920,-0.4426095335077489
10930,-1.065235073586705
10940,-3.1258573320665994
10950,-3.573898823927527
10960,-0.49937563780152083
10970,3.7462143899772857
10980,3.886057754323325
10990,-2.3674522073478075
11000,-3.0960528416032864
11010,0.49158682417745947
11020,2.503541960997048
11030,-0.433886471579113
11040,-2.383539066303399
11050,-1.3774682784477466
11060,0.5063629269206863
11070,-0.5226329695276115
11080,-1.8294074694377047
11090,-2.9290475845641164
11100,-1.5392145784028168
11110,0.8547797350693871
11120,1.3135859253191777
11130,-0.4789304837370499
11140,-2.089676512493637
11150,-1.7842180242660155
11160,-0.26324332004018414
11170,0.3540029417196512
11180,0.5891391887401591
11190,0.3608391488859242
11200,-0.14147292764662284
11210,0.15855526715561535
11220,-0.07675826776966117
11230,0.6852271118207952
11240,2.079879393455054
11250,1.0268979229626678
11260,1.1798109775025976
11270,-0.1544116772534821
11280,-1.0239555811951842
11290,-1.0633159380981498
11300,-0.2916703364368925
11310,-0.3963019190695204
11320,-5.429889407688104
11330,-4.5612631668717
11340,-7.167539509030162
11350,-3.552543794710117
11360,-0.7814796021415606
11370,-0.6674128155439997
11380,-1.7827931100234502
11390,-2.8106499063118653
11400,-1.4664064045604819
11410,-0.33435478733992985
11420,0.1515182955565947
11430,-1.262131738408978
11440,-0.19873228460003678
11450,-0.45117462668126834
11460,-2.8654354229789676
11470,-5.7087930300423615
11480,-0.3881690748915406
11490,3.7759438632682523
11500,5.409686143465092
11510,1.908285260696226
11520,0.17053768396102026
11530,-0.2951245165840597
11540,1.3390263792783457
11550,3.7510198205708414
11560,2.4789173209504094
11570,-1.3996901525719407
11580,-4.348094686306523
11590,-3.941848854593158
11600,-2.386409558124713
11610,1.8869306231809344
11620,2.8066071194515576
11630,2.3864189537804763
11640,2.504049575329394
11650,-0.7411555915541491
11660,-2.534933798494126
11670,-1.448709878278197
11680,-1.266967243001924
11690,-2.6919260690353415
11700,-0.2951360241502106
11710,1.1617400622283716
11720,3.855973681549248
11730,-0.024606113809251456
11740,1.7840675574025844
11750,3.0315570667807417
11760,3.4410277516730026
11770,2.08219932084393
11780,0.8771458446308789
11790,1.0536066261732013
11800,0.7924949800819174
11810,1.197141784471485
11820,1.3337849148193126
11830,1.021238629153687
11840,0.9787062441666786
11850,1.3957042636136048
11860,1.1878440655452271
11870,0.3739730420789261
11880,-0.3403435134079258
11890,-0.6927587198760022
11900,-0.2252495622952192
11910,0.002593662898273258
11920,0.07168690087653545
11930,-1.044084716770106
11940,-1.2470638799824108
11950,-0.5932218296723891
11960,0.2445790082952603
11970,0.5998642158776473
11980,0.28200527936522124
11990,0.0904147791328665
12000,-1.5482069543586408
12010,-2.8511438213425495
12020,-2.0439585678966066
12030,-1.351489200547756
12040,-0.981115757307597
12050,-0.7774745251182796
12060,0.6838174288874823
12070,0.966154910643381
12080,1.4292651629367286
12090,0.9226177083026958
12100,1.4541136312230885
12110,1.380254530742647
12120,0.7355282386136553
12130,0.2918252830135702
12140,-0.2938108960849446
12150,0.1550403601972477
12160,0.5850122007449381
12170,1.8626926190254118
12180,2.2065176022818918
12190,2.5067377626866487
12200,1.6233787902819272
12210,0.5140352700498374
12220,-0.0631950580680715
12230,0.3555156774300989
12240,0.45623459886526824
12250,-0.022240390157575368
12260,0.4493845242906638
12270,0.6871397558224175
12280,0.6549311181933374
12290,-0.2951761709046909
12300,-1.3183813542803269
12310,-1.3721923654342048
12320,-0.5696989618333417
12330,-0.13988393273212074
12340,-0.7265840945164461
12350,-0.570669036244655
12360,-0.5712517016344774
12370,-0.15212317918234655
12380,-0.47760676283833436
12390,-1.1222492130735735
12400,-0.9422538279075119
12410,0.06392281102170269
12420,-0.24365763694210982
12430,-0.9707502300388026
12440,-0.21629547061253923
12450,0.6486370752409655
12460,1.1994311057538103
12470,0.4989708550235985
12480,-0.41194979093429096
12490,-0.6623796367734902
12500,-0.29903226281312656
12510,-0.44983319963012647
12520,-0.638929851845917
12530,-0.7865402945554968
12540,-1.3041703243172833
12550,-0.8718598871580175
12560,-1.1071607893026658
12570,-1.6002804939195845
12580,-1.1701694164532126
12590,-1.0523309594723729
12600,-1.134631846670504
12610,-0.24104504102283003
12620,1.342116340530085
12630,0.8025576788149192
12640,0.5956753225092255
12650,-1.0329436042145723
12660,-1.8562367362165373
12670,0.37475153653318993
12680,1.7154744242082898
12690,1.0363648353545734
12700,-0.4760828130981547
12710,-0.056253106185111756
12720,0.7099644272939947
12730,0.31226671821130286
12740,-0.9097465575463118
12750,-0.3427759583063684
12760,1.2358606819473192
12770,1.1954354565667116
12780,0.7771192644060286
12790,-1.0143353857608264
12800,-0.932374617958486
12810,-0.014297400111242864
12820,0.2054481633857798
12830,-1.1182357177911428
12840,-0.5041106169895203
12850,1.420280985261172
12860,2.0590338890697306
12870,0.6940052485620127
12880,-0.7817781417025941
12890,-0.5444743733883048
12900,1.0583881814099863
12910,1.5811183856476436
12920,-0.05009694973851288
12930,-0.15980230725908706
12940,1.4405813947588653
12950,2.9877811030357027
12960,1.994089012382891
12970,0.47079092167546693
12980,-0.02596813669568257
12990,0.18878307604213246
13000,-0.2610373668643808
13010,-0.7110785462875892
13020,-0.24301730183034814
13030,0.4484350328247828
13040,1.000086738468744
13050,0.9325128701443705
13060,0.08659516392503369
13070,0.2687146877155454
13080,-0.3016955583533658
13090,0.14419055721971952
13100,0.5558951747254248
13110,1.4809719155027699
13120,2.217752544921475
13130,1.728640494002435
13140,-0.19748731804621053
13150,-1.5531559047814354
13160,-1.0024310142523416
13170,-0.21760019546275078
13180,0.10708083027597484
13190,0.24599929142982904
13200,-0.04373097280332559
13210,0.01784427231805688
13220,-0.5359616026726657
13230,-1.7628154325703227
13240,-1.40936729050625
13250,-0.5314461431045084
13260,0.7518875768118146
13270,-0.20362875479779538
13280,-0.14192729722768108
13290,-0.5087581879422911
13300,1.7445262749506545
13310,-0.2879684555529102
13320,-2.314899634899634
13330,-0.34601742852012096
13340,0.3193875184377928
13350,0.12048517963949078
13360,-0.5763112438980554
13370,-0.09083417707853098
13380,0.7416309894870454
13390,2.5687528336885377
13400,3.369431949540304
13410,0.7106400871126388
13420,0.42031460390688424
13430,0.8618273300860152
13440,-0.06576618465318188
13450,0.022316186423023653
13460,0.6156095235277401
13470,0.6307930060718377
13480,0.7261683683700021
13490,0.22216849002820327
13500,0.0044749066838690454
13510,-0.5053645453344555
13520,-0.3507088595062929
13530,-0.7922727114647333
13540,-0.3995057679861773
13550,-0.7436891213796495
13560,-1.1491006397572305
13570,-0.7549420185878485
13580,-0.5780772334262196
13590,-0.12739852996030607
13600,-0.11673494762454943
13610,0.5206796125679152
13620,0.2903378734593802
13630,1.221693711939939
13640,1.8078360927675112
13650,1.6315344543306929
13660,1.1580545334354162
13670,0.2127392172043849
13680,0.5639383586358385
13690,1.0531300160486945
13700,1.262779957694471
13710,0.18507181970094744
13720,0.026832282318864822
13730,-0.17195339690627168
13740,0.30075977805746873
13750,0.6014441330559226
13760,0.7573735934639072
13770,-0.6635824158841771
13780,-0.5745011940431388
13790,-0.7298537606062162
13800,0.10115939768261281
13810,0.586801696906089
13820,0.12505771029102142
13830,-0.48510601299030354
13840,-0.9845151758100401
13850,-1.0705619573750518
13860,-0.3691408074780826
13870,0.5811301960045414
13880,0.71460016274617
13890,0.8356625596514595
13900,1.189096330847114
13910,-0.7095329459999877
13920,-2.345448405594792
13930,-2.3822587180951076
13940,-1.4943147575814484
13950,0.2133604360141875
13960,1.405938745464776
13970,0.7174294601379604
13980,0.8523957025446696
13990,0.0037679125376457734
14000,-0.15186768961376157
14010,-0.8324242061796087
14020,-0.4770275741552084
14030,0.4056305075387981
14040,0.9267746037948167
14050,0.2785275734274873
14060,0.37579329688315094
14070,0.5300336395266214
14080,0.1023489338835677
14090,-0.5212125259725721
14100,-0.7220194245931307
14110,-1.194270829769798
14120,-1.5907954536362041
14130,-2.129883867481611
14140,-1.142350456949628
14150,-0.3865944475811706
14160,-0.5512522832467427
14170,-1.7162562926746245
14180,-2.1899332480388667
14190,-2.628587252327532
14200,-2.1147988355059386
14210,-1.4712275294776929
14220,-1.7260859676264795
14230,-0.7513656094269979
14240,-0.8746059789085454
14250,-0.5669151190711803
14260,-0.49245070963719867
14270,-0.37496091363493034
14280,-0.17043675696444083
14290,0.9199496726829348
14300,0.5633642290867427
14310,0.16508211239831655
14320,-1.0798045348584087
14330,-1.134371106553258
14340,-0.7001479338755625
14350,0.006239585354127095
14360,-0.4676583392277751
14370,-0.07246002697869665
14380,0.23047436206861088
14390,2.0899829159879464
14400,1.1807199582747203
14410,1.2232539085805818
14420,-0.8206211476237651
14430,-0.09743149201747622
14440,-0.146422371922745
14450,-0.19067784080460365
14460,-0.6439551157651099
14470,-0.2152835837776046
14480,0.056219458599079924
14490,0.07305055917370343
14500,-1.219644925340806
14510,-1.247565883315944
14520,-0.791069035858504
14530,0.5021593869406997
14540,1.4812863820026905
14550,1.0663463189682987
14560,-0.39045417034306623
14570,-0.9795077637891831
14580,0.8823918680271723
14590,2.3487782735896507
14600,0.10282227855727791
14610,-1.1822375712373538
14620,-0.019823562345388623
14630,1.7765167003940887
14640,3.0978811426966937
14650,-1.6867000216021644
14660,-2.933188060668586
14670,1.3496776049406505
14680,6.058584089769793
14690,5.779701965263312
14700,0.11504708537410432
14710,0.27670984624172407
14720,2.8570317490410733
14730,1.962216013142868
14740,2.2889608564646102
14750,4.154912144599615
14760,2.575415969748174
14770,0.8169967043092825
14780,-0.07074839012714414
14790,1.1474713809098462
14800,0.6026340863932964
14810,0.6480199051872686
14820,0.9128582358061297
14830,0.9694428232867142
14840,-0.3100391097830946
14850,-0.36516540240940937
14860,0.009183902031256158
14870,0.38164710726969053
14880,-1.2906185890436594
14890,-1.786010964789676
14900,0.11824602962041611
14910,0.9270503920170309
14920,-0.23522742600184035
14930,-0.8853632884269018
14940,-0.9075789927986584
14950,-3.7640172317233165
14960,-1.8419558360991861
14970,-1.0049690529295177
14980,-1.4361841998929776
14990,-1.7770034114659072
15000,-0.4252457301264004
15010,1.389852818545787
15020,1.036759194452127
15030,-0.21238196125342174
15040,-0.03510842229334589
15050,1.6234819792956605
15060,0.9152749445722077
15070,-2.190468003433666
15080,-1.1765403154546377
15090,0.3652594478759162
15100,1.3462300756869645
15110,-0.7244798943190075
15120,-1.426269811823927
15130,-0.9504067130029752
15140,-0.23022160245385667
15150,-0.5315624210769936
15160,-0.36361568163343955
15170,-0.5746159830953664
15180,1.7818647181833664
15190,1.6788677003745829
15200,-0.4128962961409006
15210,-1.1083478687248745
15220,-0.8674178488040187
15230,-0.08319987395632586
15240,1.5372293784659465
15250,2.5629969029981754
15260,0.3331955395034515
15270,-2.1634923579776366
15280,-1.1810355957683425
15290,-0.08502860171616891
15300,-0.1713542279158921
15310,0.9631184542873653
15320,0.555898910867153
15330,0.15111337992386023
15340,-0.6950420868686491
15350,0.11448852574230295
15360,-0.1965438701899139
15370,0.3208037854809033
15380,0.15271293257033014
15390,0.5537762548299942
15400,-0.3065870123132644
15410,0.03432162215715945
15420,0.15114131946049794
15430,0.5577988136653751
15440,0.3902581826758433
15450,1.3541212806656764
15460,1.7995331218153998
15470,1.1162490723035043
15480,-0.1429954181289755
15490,-1.3528206855652507
15500,-0.800593426249814
15510,0.8310118545620688
15520,1.6080307687013213
15530,1.13804972919294
15540,1.2987458949670345
15550,0.28436543303916595
15560,0.22485090676047131
15570,1.4217384598922365
15580,2.7168033164120153
15590,1.1051600180434402
15600,0.06226346231339569
15610,0.33290494806862597
15620,1.2731087696211385
15630,-0.25564252000805254
15640,-2.274838339906689
15650,-1.747523668297987
15660,-0.5530621369720063
15670,0.5168997952659102
15680,0.31852640730733167
15690,-1.1491659929835913
15700,-1.2958931496843766
15710,-0.3202161462569011
15720,-0.46273398675521926
15730,-0.8102074938566955
15740,-1.3332358354859797
15750,-0.8055206705201229
15760,0.38911889884732576
15770,1.435952155461036
15780,-0.9260103617930019
15790,0.6121056995561324
15800,0.72991269798564
15810,0.7183364262310257
15820,0.3707935435592188
15830,1.8776370534951503
15840,3.5291214712629757
15850,4.281783202675875
15860,4.940180230729734
15870,5.460393785265576
15880,3.6470245180620133
15890,2.046045107307863
15900,1.2361723642536095
15910,0.1242663517803127
15920,1.3726920610291788
15930,1.7842013594762023
15940,4.211025326197276
15950,-3.8841270235258705
15960,-4.365927463190229
15970,-0.864436159598714
15980,1.2316767336375216
15990,1.890919432922909
16000,2.7725260097076014
16010,2.303141540930387
16020,0.9104342019568632
16030,0.5167777866736052
16040,-1.26882398531997
16050,-1.958523239955551
16060,-1.2568055410441112
16070,-0.06230526094237983
16080,2.0749691695636674
16090,2.148618935870161
16100,1.3227881756982562
16110,-0.091142344876048
16120,-0.8181112479097397
16130,-1.2727659663420379
16140,-1.379175153934075
16150,-1.8198490282697233
16160,-1.3042605217586336
16170,-0.24371826766190796
16180,-0.9459587343147754
16190,-1.7815366714263035
16200,-1.8771516767759486
16210,-1.4330364966526485
16220,-1.209263504082116
16230,-0.4172967812791649
16240,-0.3932021462671486
16250,-0.29306382698866673
16260,-0.5639252342828708
16270,-0.5775389524246672
16280,-0.837441988735013
16290,-1.475788165675772
16300,-0.5311663431050669
16310,0.3798449047873611
16320,1.7685325992437055
16330,1.1017964014949115
16340,-0.41547201254852567
16350,-0.8888991566863613
16360,-0.5239690277766161
16370,-0.5676302231763175
16380,-1.0593931347768741
16390,-1.7737461868718967
16400,-1.4378004951949737
16410,-0.8304327140744048
16420,-0.05754337439400736
16430,-0.9803679010069858
16440,-0.8903380142208583
16450,-0.37601764670436133
16460,0.3842115620257507
16470,6.224213943185311
16480,4.693698568966295
16490,1.2557650274868708
16500,-0.2661175017457858
16510,-0.7277783699504037
16520,-2.6484029105154834
16530,-2.9521634924101496
16540,-3.1687838276634674
16550,-1.9265868250733216
16560,-1.1375161717526296
16570,0.9676044667330824
16580,1.2444537717343414
16590,0.17088116614189017
16600,-1.5360045128749793
16610,-2.1924568842066483
16620,-0.5949753289645717
16630,0.818754940246155
16640,1.818434967975526
16650,3.3499418361912197
16660,4.647916090621347
16670,0.7554759986035706
16680,-2.9005619750767195
16690,-4.584099358265019
16700,-4.426229017288429
16710,-2.4822433473249284
16720,1.087628639151105
16730,1.2682732989104843
16740,1.0856892020675022
16750,-0.4396924156495597
16760,-0.847923993635507
16770,6.573879879062735
16780,0.896645904839958
16790,-2.192757176067133
16800,0.8033324235566857
16810,1.9963864335867214
16820,1.8858564564741713
16830,1.6281860150000025
16840,0.08998141208202984
16850,-0.9480177897752464
16860,-1.2676873102428259
16870,-0.5294120468403226
16880,-1.2659369153918172
16890,-0.5673902378670983
16900,0.5821946925599482
16910,0.8145938734663962
16920,-1.402810039441447
16930,-5.400920813871999
16940,-3.720795516831299
16950,0.9465278405677228
16960,3.922483812027969
16970,4.755961470768127
16980,7.43776674335444
16990,1.2974943155952854
17000,1.2986554521410512
17010,2.988336436778179
17020,-0.14350877860810027
17030,-1.9319922910573175
17040,-1.8479550448976936
17050,-2.5004646966852047
17060,-1.1265214012628266
17070,0.9216273197670057
17080,-0.4518962338735051
17090,0.30952384483938855
17100,-0.18947382758526726
17110,-0.2639237769968811
17120,1.854645458450144
17130,2.3520732939819546
17140,1.6861676597262332
17150,1.3205261695716715
17160,0.1546038705005754
17170,-0.7710556383356131
17180,0.2324540782181411
17190,1.8953309302073886
17200,0.6559704520700529
17210,0.5184448734761977
17220,-0.07007659812021855
17230,1.0645955128369222
17240,0.8594092634937434
17250,-0.9639449635540102
17260,0.13885018657208723
17270,0.6967114396936581
17280,1.1926633797091748
17290,1.447434153613742
17300,-0.18112376422674634
17310,-1.5129900676391466
17320,-0.9786603187517587
17330,0.09136965299552455
17340,0.6291796775520543
17350,1.45131777886839
17360,2.144773852435535
17370,2.2220049509285804
17380,1.3933068356282339
17390,0.1682865014098937
17400,-0.008502000571487964
17410,-1.072823410613696
17420,-1.6699197930108798
17430,-0.19953710467825875
17440,1.171620000920714
17450,2.0095025620144527
17460,0.9097557583401433
17470,-1.3630946458221507
17480,-1.0720586234619665
17490,-0.35889410222979423
17500,1.721712037200956
17510,1.629315352920968
17520,1.297294436165901
17530,1.0842468605471949
17540,1.516229022084641
17550,2.9995076998458385
17560,3.704782787805684
17570,1.8369207413842144
17580,-1.0564821881061057
17590,-0.9603638851307468
17600,2.464782392609982
17610,4.173082943210719
17620,2.9366740961779985
17630,0.6386503133272616
17640,-0.7140174475310023
17650,-0.39346776748478907
17660,0.8796370953952138
17670,2.5363307743042887
17680,4.730383720556959
17690,1.4630919752889553
17700,1.1841300822454528
17710,2.1340355390783516
17720,1.9678537747322717
17730,0.8486120618310455
17740,1.141108390093474
17750,0.1994436897812657
17760,-1.09161605382254
17770,-0.5039808611618378
17780,0.07911181076003038
17790,-0.01558318274080539
17800,-0.22753887097908893
17810,-0.05933649470663792
17820,0.5209219975365377
17830,1.5231421631713815
17840,-0.3248334204534035
17850,-2.7444332870008488
17860,-3.798003946195304
17870,-1.5548048482530707
17880,0.19802061205969296
17890,0.09687370020160102
17900,0.4879806629543262
17910,-0.25620814017647436
17920,0.8174186217065232
17930,0.3851263795659832
17940,-1.1665462287985808
17950,-2.577798156800097
17960,-0.8957713812637832
17970,0.33035083428704476
17980,0.6361023558372965
17990,-0.37241892070058447
18000,-1.1052561147537379
18010,-2.211076754793363
18020,-2.4335143370658345
18030,0.8433524598133505
18040,4.527032501746562
18050,3.890194396825458
18060,0.8662892335681127
18070,-0.7597619520610912
18080,1.7828227194953739
18090,5.990674665858154
18100,3.4468793877639134
18110,2.766010208221174
18120,-3.90031424459715
18130,-1.1757271281052772
18140,-0.21453307825078355
18150,3.815548831569099
18160,0.5668494846653491
18170,-0.9125289666113455
18180,-0.03627649173959327
18190,1.3900224525867382
18200,2.243312448489514
18210,3.077804925314044
18220,1.0227151015227633
18230,-0.3738701736421544
18240,-1.8945010404817084
18250,-1.3533598021329216
18260,-0.1250656672255024
18270,0.5815834214525735
18280,-0.11411842372640393
18290,-0.9138832342588725
18300,-0.10645473139960056
18310,1.417916541008612
18320,3.609258007023005
18330,2.0565538886254755
18340,1.8950146640288414
18350,0.2834489259009506
18360,-1.7999466595780542
18370,-2.019690521125767
18380,-0.7800381098457725
18390,0.4553025380363151
18400,0.6485278699059696
18410,0.9855707089539142
18420,0.5042041267037514
18430,3.76195454235472
18440,3.353010118988093
18450,1.3357570445989158
18460,0.8395101069759208
18470,1.1429819239856909
18480,0.09199176319638788
18490,0.22253618082132937
18500,-0.1335242914489047
18510,-1.0742614237530896
18520,-0.46121622358177244
18530,-0.16806057975359187
18540,-0.6530925732107326
18550,-0.23710555169169018
18560,1.162138843060763
18570,0.696670032812126
18580,-0.24379788090070084
18590,-0.8141106058489623
18600,1.1704712574299272
18610,3.0594349285535545
18620,2.059266537501493
18630,0.7201929922043173
18640,0.910630711971778
18650,1.0704910916327024
18660,1.8514515923539427
18670,1.1877572627201687
18680,0.7778165169998477
18690,-0.9930555578836535
18700,-2.4473643506138587
18710,-0.41258102744200364
18720,0.3555039306111089
18730,0.08771754259589801
18740,-0.02468987020882116
18750,1.094191872821224
18760,1.5299889183553883
18770,1.384820483632301
18780,-0.2233676301540332
18790,-0.7925975695218159
18800,-1.821114893800716
18810,0.0181471865529739
18820,0.20359505310513645
18830,1.038112700822735
18840,-0.8710496755457969
18850,-1.8139137157392269
18860,-1.5503690346300925
18870,-0.7519408121323021
18880,-0.37657246335607547
18890,0.12517976054292546
18900,0.017341125983209776
18910,-0.8645635583678093
18920,-0.8922696319942969
18930,0.525522030336566
18940,0.08807971163642521
18950,-0.024812573651652334
18960,0.034388339157468785
18970,-3.284532380352301
18980,-1.273867895444117
18990,-2.063420541437834
19000,-4.061235093395806
19010,-8.510357353605933
19020,-4.882658186465174
19030,-1.9516861542108297
19040,-1.3719053574784708
19050,-3.3371299518626105
19060,-4.541840185593683
19070,-7.753147705147258
19080,-5.644360434435477
19090,2.1974192073864613
19100,-0.7414407296569717
19110,0.575864624737117
19120,1.3932865051515593
19130,0.05623758782677594
19140,-1.6669170398227544
19150,-2.0589266591214046
19160,-0.5389186470025906
19170,1.4040144995598642
19180,2.0707575571897583
19190,1.938010171489655
19200,0.6561451465426389
19210,-0.551060235779939
19220,-0.7784782331246196
19230,-0.39734172319367467
