frame_no,no_of_atoms_within_2
10,9
20,8
30,0
40,12
50,12
60,8
70,0
80,6
90,11
100,6
110,0
120,0
130,8
140,9
150,2
160,2
170,2
180,0
190,1
200,1
210,2
220,5
230,1
240,2
250,0
260,13
270,10
280,2
290,6
300,7
310,5
320,2
330,4
340,4
350,5
360,5
370,4
380,4
390,6
400,6
410,5
420,2
430,4
440,4
450,4
460,4
470,4
480,4
490,5
500,7
510,7
520,8
530,10
540,13
550,13
560,14
570,13
580,12
590,12
600,10
610,11
620,11
630,11
640,12
650,11
660,11
670,11
680,10
690,10
700,10
710,10
720,11
730,12
740,12
750,10
760,9
770,11
780,10
790,10
800,10
810,10
820,10
830,10
840,10
850,11
860,12
870,11
880,12
890,11
900,10
910,10
920,9
930,9
940,9
950,9
960,8
970,9
980,9
990,9
1000,9
1010,9
1020,8
1030,7
1040,7
1050,7
1060,7
1070,6
1080,6
1090,7
1100,7
1110,6
1120,6
1130,6
1140,6
1150,6
1160,6
1170,7
1180,7
1190,7
1200,7
1210,7
1220,7
1230,7
1240,8
1250,8
1260,6
1270,6
1280,6
1290,6
1300,6
1310,6
1320,6
1330,5
1340,5
1350,5
1360,5
1370,5
1380,5
1390,5
1400,5
1410,4
1420,4
1430,5
1440,5
1450,5
1460,4
1470,4
1480,7
1490,6
1500,7
1510,7
1520,8
1530,8
1540,7
1550,7
1560,8
1570,8
1580,8
1590,7
1600,8
1610,8
1620,8
1630,8
1640,8
1650,8
1660,8
1670,8
1680,8
1690,8
1700,8
1710,8
1720,8
1730,8
1740,7
1750,7
1760,8
1770,8
1780,8
1790,8
1800,8
1810,8
1820,8
1830,8
1840,8
1850,8
1860,8
1870,8
1880,8
1890,8
1900,8
1910,8
1920,8
1930,8
1940,7
1950,7
1960,8
1970,8
1980,8
1990,7
2000,7
2010,8
2020,8
2030,8
2040,7
2050,6
2060,7
2070,7
2080,7
2090,7
2100,7
2110,7
2120,8
2130,9
2140,8
2150,8
2160,9
2170,9
2180,9
2190,7
2200,8
2210,8
2220,9
2230,9
2240,8
2250,8
2260,8
2270,8
2280,8
2290,8
2300,7
2310,8
2320,8
2330,8
2340,7
2350,8
2360,8
2370,8
2380,8
2390,8
2400,8
2410,8
2420,8
2430,8
2440,8
2450,8
2460,8
2470,8
2480,7
2490,6
2500,6
2510,8
2520,8
2530,8
2540,6
2550,6
2560,6
2570,5
2580,5
2590,5
2600,6
2610,6
2620,6
2630,3
2640,5
2650,6
2660,6
2670,6
2680,5
2690,6
2700,5
2710,5
2720,5
2730,4
2740,4
2750,4
2760,4
2770,6
2780,5
2790,6
2800,5
2810,5
2820,5
2830,5
2840,5
2850,6
2860,6
2870,7
2880,4
2890,6
2900,5
2910,5
2920,5
2930,5
2940,5
2950,5
2960,5
2970,5
2980,5
2990,6
3000,5
3010,5
3020,5
3030,6
3040,6
3050,6
3060,5
3070,5
3080,5
3090,5
3100,5
3110,5
3120,5
3130,5
3140,5
3150,5
3160,6
3170,7
3180,6
3190,7
3200,8
3210,7
3220,7
3230,7
3240,7
3250,7
3260,6
3270,7
3280,6
3290,4
3300,4
3310,4
3320,5
3330,5
3340,5
3350,6
3360,5
3370,4
3380,4
3390,4
3400,4
3410,4
3420,4
3430,5
3440,3
3450,3
3460,3
3470,3
3480,2
3490,3
3500,4
3510,4
3520,5
3530,5
3540,5
3550,6
3560,6
3570,6
3580,5
3590,7
3600,7
3610,6
3620,7
3630,7
3640,7
3650,7
3660,6
3670,6
3680,8
3690,7
3700,9
3710,8
3720,8
3730,7
3740,8
3750,7
3760,7
3770,7
3780,6
3790,6
3800,6
3810,7
3820,6
3830,7
3840,8
3850,7
3860,8
3870,8
3880,8
3890,7
3900,7
3910,6
3920,6
3930,3
3940,3
3950,4
3960,5
3970,5
3980,4
3990,4
4000,4
4010,4
4020,4
4030,5
4040,5
4050,5
4060,5
4070,5
4080,5
4090,4
4100,5
4110,5
4120,5
4130,5
4140,6
4150,5
4160,4
4170,5
4180,6
4190,5
4200,5
4210,4
4220,4
4230,4
4240,4
4250,4
4260,4
4270,5
4280,4
4290,4
4300,5
4310,5
4320,5
4330,5
4340,6
4350,6
4360,5
4370,6
4380,6
4390,7
4400,6
4410,6
4420,5
4430,5
4440,4
4450,4
4460,6
4470,6
4480,6
4490,4
4500,4
4510,4
4520,4
4530,4
4540,4
4550,4
4560,3
4570,3
4580,3
4590,3
4600,3
4610,3
4620,3
4630,3
4640,3
4650,3
4660,3
4670,4
4680,4
4690,4
4700,4
4710,3
4720,3
4730,4
4740,4
4750,4
4760,4
4770,4
4780,4
4790,4
4800,4
4810,4
4820,4
4830,4
4840,4
4850,2
4860,3
4870,3
4880,3
4890,3
4900,3
4910,3
4920,2
4930,2
4940,2
4950,2
4960,3
4970,4
4980,3
4990,4
5000,4
5010,4
5020,4
5030,4
5040,4
5050,5
5060,6
5070,6
5080,5
5090,6
5100,6
5110,6
5120,6
5130,5
5140,6
5150,6
5160,10
5170,9
5180,9
5190,9
5200,9
5210,9
5220,8
5230,8
5240,8
5250,9
5260,10
5270,8
5280,8
5290,7
5300,7
5310,8
5320,7
5330,7
5340,8
5350,7
5360,7
5370,8
5380,8
5390,7
5400,7
5410,7
5420,7
5430,7
5440,7
5450,9
5460,9
5470,8
5480,7
5490,7
5500,7
5510,7
5520,7
5530,7
5540,6
5550,5
5560,4
5570,4
5580,4
5590,6
5600,6
5610,5
5620,4
5630,5
5640,5
5650,4
5660,3
5670,3
5680,3
5690,3
5700,3
5710,3
5720,3
5730,2
5740,2
5750,3
5760,3
5770,2
5780,1
5790,1
5800,1
5810,1
5820,1
5830,2
5840,2
5850,3
5860,3
5870,3
5880,4
5890,4
5900,5
5910,5
5920,5
5930,5
5940,5
5950,7
5960,8
5970,6
5980,5
5990,6
6000,6
6010,7
6020,7
6030,7
6040,5
6050,4
6060,5
6070,5
6080,5
6090,6
6100,7
6110,8
6120,8
6130,6
6140,6
6150,8
6160,7
6170,7
6180,7
6190,8
6200,8
6210,7
6220,6
6230,6
6240,6
6250,5
6260,5
6270,5
6280,5
6290,5
6300,5
6310,4
6320,4
6330,5
6340,5
6350,5
6360,4
6370,3
6380,3
6390,3
6400,4
6410,3
6420,3
6430,3
6440,3
6450,3
6460,3
6470,2
6480,2
6490,2
6500,2
6510,2
6520,2
6530,2
6540,2
6550,3
6560,3
6570,2
6580,2
6590,2
6600,2
6610,2
6620,4
6630,4
6640,5
6650,3
6660,3
6670,3
6680,4
6690,5
6700,6
6710,6
6720,3
6730,4
6740,5
6750,6
6760,6
6770,4
6780,2
6790,2
6800,2
6810,2
6820,2
6830,2
6840,2
6850,2
6860,2
6870,2
6880,2
6890,2
6900,2
6910,3
6920,3
6930,1
6940,1
6950,1
6960,1
6970,1
6980,1
6990,1
7000,1
7010,1
7020,2
7030,2
7040,1
7050,1
7060,1
7070,1
7080,2
7090,1
7100,1
7110,1
7120,1
7130,1
7140,1
7150,1
7160,3
7170,3
7180,3
7190,3
7200,3
7210,3
7220,3
7230,4
7240,3
7250,3
7260,3
7270,3
7280,3
7290,2
7300,2
7310,2
7320,2
7330,3
7340,3
7350,1
7360,1
7370,1
7380,2
7390,1
7400,1
7410,2
7420,2
7430,3
7440,2
7450,3
7460,3
7470,3
7480,3
7490,5
7500,5
7510,7
7520,7
7530,6
7540,6
7550,6
7560,6
7570,6
7580,6
7590,6
7600,5
7610,5
7620,5
7630,5
7640,6
7650,4
7660,4
7670,4
7680,5
7690,5
7700,5
7710,5
7720,5
7730,5
7740,4
7750,4
7760,4
7770,4
7780,5
7790,5
7800,5
7810,6
7820,6
7830,6
7840,6
7850,6
7860,5
7870,6
7880,6
7890,6
7900,6
7910,6
7920,6
7930,6
7940,6
7950,6
7960,6
7970,6
7980,6
7990,5
8000,5
8010,6
8020,7
8030,7
8040,7
8050,5
8060,6
8070,6
8080,6
8090,5
8100,5
8110,5
8120,6
8130,5
8140,5
8150,4
8160,5
8170,6
8180,5
8190,4
8200,5
8210,5
8220,4
8230,4
8240,4
8250,5
8260,5
8270,5
8280,5
8290,6
8300,6
8310,6
8320,6
8330,5
8340,4
8350,5
8360,6
8370,5
8380,4
8390,4
8400,5
8410,4
8420,4
8430,4
8440,4
8450,4
8460,4
8470,4
8480,4
8490,4
8500,4
8510,4
8520,3
8530,2
8540,2
8550,2
8560,2
8570,2
8580,2
8590,2
8600,2
8610,2
8620,2
8630,2
8640,2
8650,0
8660,9
8670,12
8680,6
8690,8
8700,6
8710,6
8720,4
8730,3
8740,2
8750,1
8760,1
8770,5
8780,5
8790,3
8800,2
8810,5
8820,8
8830,5
8840,2
8850,1
8860,2
8870,2
8880,6
8890,6
8900,5
8910,4
8920,7
8930,8
8940,8
8950,6
8960,7
8970,6
8980,6
8990,3
9000,3
9010,5
9020,5
9030,4
9040,3
9050,5
9060,6
9070,8
9080,8
9090,8
9100,7
9110,7
9120,6
9130,8
9140,8
9150,7
9160,5
9170,6
9180,4
9190,5
9200,4
9210,5
9220,4
9230,6
9240,7
9250,7
9260,4
9270,4
9280,3
9290,4
9300,2
9310,2
9320,3
9330,4
9340,4
9350,3
9360,1
9370,3
9380,4
9390,4
9400,5
9410,6
9420,6
9430,7
9440,8
9450,8
9460,8
9470,8
9480,8
9490,8
9500,8
9510,9
9520,9
9530,9
9540,11
9550,11
9560,12
9570,13
9580,13
9590,14
9600,13
9610,15
9620,16
9630,16
9640,15
9650,15
9660,14
9670,14
9680,14
9690,13
9700,14
9710,14
9720,13
9730,14
9740,15
9750,12
9760,11
9770,10
9780,10
9790,8
9800,6
9810,6
9820,8
9830,8
9840,8
9850,7
9860,7
9870,8
9880,8
9890,3
9900,1
9910,0
9920,8
9930,10
9940,14
9950,11
9960,10
9970,7
9980,7
9990,9
10000,4
10010,6
10020,3
10030,7
10040,7
10050,9
10060,9
10070,14
10080,10
10090,10
10100,8
10110,11
10120,9
10130,9
10140,9
10150,10
10160,10
10170,9
10180,9
10190,8
10200,13
10210,12
10220,14
10230,12
10240,14
10250,10
10260,9
10270,8
10280,6
10290,1
10300,2
10310,2
10320,2
10330,3
10340,3
10350,1
10360,0
10370,7
10380,12
10390,14
10400,14
10410,10
10420,15
10430,13
10440,11
10450,9
10460,12
10470,11
10480,9
10490,9
10500,12
10510,12
10520,12
10530,14
10540,13
10550,15
10560,14
10570,13
10580,13
10590,14
10600,14
10610,12
10620,11
10630,11
10640,10
10650,9
10660,9
10670,9
10680,8
10690,8
10700,8
10710,8
10720,8
10730,8
10740,8
10750,8
10760,6
10770,6
10780,6
10790,8
10800,6
10810,5
10820,4
10830,3
10840,2
10850,1
10860,1
10870,1
10880,0
10890,9
10900,1
10910,16
10920,15
10930,12
10940,6
10950,9
10960,1
10970,0
10980,14
10990,16
11000,16
11010,11
11020,6
11030,10
11040,8
11050,9
11060,6
11070,6
11080,1
11090,1
11100,1
11110,1
11120,1
11130,0
11140,1
11150,0
11160,0
11170,1
11180,0
11190,4
11200,0
11210,0
11220,0
11230,13
11240,17
11250,13
11260,8
11270,10
11280,8
11290,11
11300,7
11310,10
11320,9
11330,8
11340,7
11350,9
11360,8
11370,9
11380,9
11390,10
11400,8
11410,4
11420,1
11430,1
11440,1
11450,1
11460,0
11470,11
11480,14
11490,16
11500,12
11510,9
11520,10
11530,10
11540,13
11550,10
11560,11
11570,11
11580,11
11590,11
11600,10
11610,11
11620,11
11630,10
11640,11
11650,11
11660,10
11670,9
11680,11
11690,12
11700,13
11710,14
11720,12
11730,13
11740,11
11750,11
11760,11
11770,11
11780,11
11790,12
11800,12
11810,12
11820,11
11830,10
11840,13
11850,14
11860,11
11870,11
11880,10
11890,12
11900,12
11910,12
11920,14
11930,13
11940,13
11950,14
11960,14
11970,15
11980,14
11990,15
12000,14
12010,14
12020,14
12030,14
12040,14
12050,15
12060,16
12070,15
12080,15
12090,15
12100,15
12110,14
12120,16
12130,15
12140,15
12150,14
12160,14
12170,13
12180,15
12190,13
12200,13
12210,12
12220,13
12230,14
12240,14
12250,14
12260,14
12270,13
12280,14
12290,14
12300,14
12310,14
12320,16
12330,15
12340,14
12350,15
12360,14
12370,13
12380,12
12390,12
12400,12
12410,11
12420,12
12430,11
12440,11
12450,10
12460,11
12470,12
12480,12
12490,12
12500,12
12510,12
12520,12
12530,10
12540,12
12550,12
12560,12
12570,13
12580,13
12590,14
12600,14
12610,13
12620,14
12630,18
12640,19
12650,15
12660,14
12670,14
12680,12
12690,14
12700,15
12710,13
12720,14
12730,14
12740,16
12750,15
12760,14
12770,13
12780,14
12790,13
12800,14
12810,14
12820,14
12830,14
12840,14
12850,16
12860,15
12870,16
12880,15
12890,14
12900,14
12910,14
12920,14
12930,14
12940,15
12950,14
12960,14
12970,15
12980,13
12990,13
13000,12
13010,12
13020,12
13030,13
13040,10
13050,10
13060,10
13070,9
13080,9
13090,8
13100,8
13110,8
13120,10
13130,9
13140,7
13150,6
13160,7
13170,7
13180,6
13190,6
13200,6
13210,6
13220,6
13230,6
13240,6
13250,6
13260,6
13270,5
13280,5
13290,4
13300,5
13310,5
13320,5
13330,4
13340,4
13350,4
13360,4
13370,4
13380,4
13390,4
13400,4
13410,4
13420,4
13430,4
13440,4
13450,4
13460,4
13470,2
13480,3
13490,3
13500,3
13510,3
13520,3
13530,3
13540,3
13550,3
13560,3
13570,3
13580,3
13590,4
13600,4
13610,4
13620,3
13630,3
13640,3
13650,3
13660,4
13670,4
13680,3
13690,3
13700,4
13710,4
13720,4
13730,4
13740,3
13750,3
13760,2
13770,2
13780,3
13790,3
13800,4
13810,4
13820,4
13830,4
13840,4
13850,4
13860,4
13870,4
13880,4
13890,4
13900,3
13910,3
13920,4
13930,3
13940,3
13950,3
13960,3
13970,3
13980,3
13990,3
14000,2
14010,2
14020,3
14030,3
14040,3
14050,2
14060,3
14070,4
14080,3
14090,3
14100,3
14110,3
14120,3
14130,3
14140,2
14150,3
14160,3
14170,3
14180,2
14190,2
14200,2
14210,2
14220,2
14230,2
14240,2
14250,2
14260,2
14270,2
14280,2
14290,2
14300,2
14310,2
14320,2
14330,1
14340,2
14350,1
14360,1
14370,1
14380,1
14390,1
14400,1
14410,1
14420,1
14430,1
14440,2
14450,2
14460,2
14470,3
14480,3
14490,3
14500,3
14510,2
14520,3
14530,2
14540,1
14550,1
14560,1
14570,1
14580,1
14590,1
14600,0
14610,5
14620,9
14630,13
14640,14
14650,13
14660,12
14670,16
14680,15
14690,13
14700,13
14710,11
14720,9
14730,11
14740,9
14750,9
14760,7
14770,6
14780,7
14790,8
14800,6
14810,5
14820,6
14830,8
14840,2
14850,1
14860,1
14870,2
14880,1
14890,0
14900,8
14910,2
14920,1
14930,3
14940,2
14950,3
14960,2
14970,2
14980,3
14990,7
15000,8
15010,12
15020,12
15030,10
15040,8
15050,7
15060,9
15070,11
15080,10
15090,10
15100,10
15110,11
15120,8
15130,10
15140,12
15150,11
15160,10
15170,10
15180,14
15190,10
15200,12
15210,14
15220,13
15230,13
15240,14
15250,16
15260,15
15270,15
15280,15
15290,15
15300,15
15310,13
15320,15
15330,15
15340,14
15350,15
15360,16
15370,15
15380,14
15390,13
15400,13
15410,13
15420,13
15430,15
15440,14
15450,11
15460,13
15470,11
15480,10
15490,9
15500,10
15510,9
15520,10
15530,9
15540,10
15550,8
15560,7
15570,3
15580,5
15590,7
15600,8
15610,7
15620,7
15630,8
15640,9
15650,6
15660,9
15670,10
15680,10
15690,9
15700,8
15710,8
15720,8
15730,10
15740,10
15750,10
15760,10
15770,10
15780,10
15790,11
15800,15
15810,14
15820,15
15830,13
15840,12
15850,13
15860,14
15870,13
15880,12
15890,10
15900,12
15910,12
15920,11
15930,11
15940,10
15950,10
15960,13
15970,12
15980,14
15990,14
16000,16
16010,14
16020,16
16030,15
16040,12
16050,16
16060,15
16070,16
16080,15
16090,15
16100,13
16110,13
16120,12
16130,14
16140,14
16150,11
16160,13
16170,14
16180,16
16190,14
16200,13
16210,14
16220,13
16230,15
16240,13
16250,12
16260,10
16270,12
16280,12
16290,9
16300,8
16310,7
16320,8
16330,7
16340,6
16350,4
16360,4
16370,4
16380,4
16390,3
16400,3
16410,2
16420,2
16430,3
16440,1
16450,1
16460,1
16470,0
16480,0
16490,13
16500,10
16510,0
16520,4
16530,8
16540,9
16550,10
16560,7
16570,8
16580,10
16590,10
16600,13
16610,13
16620,14
16630,13
16640,11
16650,8
16660,8
16670,10
16680,11
16690,8
16700,11
16710,12
16720,13
16730,12
16740,11
16750,7
16760,7
16770,6
16780,7
16790,5
16800,3
16810,2
16820,2
16830,2
16840,3
16850,3
16860,2
16870,2
16880,2
16890,2
16900,1
16910,1
16920,2
16930,2
16940,2
16950,1
16960,1
16970,2
16980,1
16990,0
17000,14
17010,4
17020,1
17030,1
17040,1
17050,1
17060,0
17070,1
17080,2
17090,0
17100,3
17110,7
17120,2
17130,0
17140,3
17150,4
17160,3
17170,4
17180,2
17190,4
17200,7
17210,7
17220,6
17230,8
17240,6
17250,8
17260,9
17270,9
17280,9
17290,12
17300,11
17310,11
17320,9
17330,10
17340,11
17350,12
17360,14
17370,12
17380,11
17390,13
17400,15
17410,13
17420,13
17430,13
17440,11
17450,13
17460,11
17470,13
17480,13
17490,10
17500,12
17510,11
17520,11
17530,10
17540,10
17550,9
17560,8
17570,10
17580,8
17590,8
17600,9
17610,10
17620,10
17630,10
17640,9
17650,9
17660,9
17670,9
17680,9
17690,10
17700,8
17710,8
17720,8
17730,7
17740,6
17750,6
17760,6
17770,7
17780,7
17790,6
17800,5
17810,7
17820,7
17830,6
17840,6
17850,6
17860,6
17870,6
17880,6
17890,6
17900,6
17910,6
17920,7
17930,7
17940,6
17950,6
17960,6
17970,6
17980,7
17990,7
18000,8
18010,7
18020,9
18030,7
18040,9
18050,7
18060,6
18070,6
18080,6
18090,6
18100,7
18110,7
18120,7
18130,8
18140,8
18150,6
18160,6
18170,6
18180,6
18190,6
18200,6
18210,7
18220,6
18230,6
18240,6
18250,7
18260,6
18270,6
18280,7
18290,7
18300,7
18310,6
18320,6
18330,5
18340,6
18350,5
18360,5
18370,4
18380,5
18390,6
18400,7
18410,7
18420,8
18430,8
18440,8
18450,7
18460,8
18470,9
18480,9
18490,10
18500,10
18510,9
18520,9
18530,9
18540,10
18550,10
18560,10
18570,9
18580,10
18590,10
18600,10
18610,10
18620,9
18630,9
18640,9
18650,9
18660,9
18670,9
18680,9
18690,9
18700,9
18710,9
18720,9
18730,9
18740,9
18750,9
18760,9
18770,8
18780,8
18790,8
18800,9
18810,8
18820,8
18830,8
18840,8
18850,8
18860,7
18870,7
18880,8
18890,7
18900,7
18910,6
18920,6
18930,7
18940,6
18950,6
18960,6
18970,6
18980,6
18990,6
19000,6
19010,6
19020,6
19030,6
19040,6
19050,6
19060,6
19070,6
19080,6
19090,7
19100,6
19110,6
19120,6
19130,6
19140,7
19150,7
19160,6
19170,8
19180,8
19190,7
19200,7
19210,7
19220,8
19230,7
19240,7
19250,8
19260,10
19270,10
19280,10
19290,9
19300,10
19310,10
19320,10
19330,8
19340,8
19350,9
19360,9
19370,9
19380,9
19390,8
19400,7
19410,7
19420,7
19430,7
19440,7
19450,7
19460,7
19470,7
19480,7
19490,6
19500,6
19510,6
19520,5
19530,5
19540,6
19550,6
19560,7
19570,7
19580,7
19590,7
19600,7
19610,7
19620,7
19630,6
19640,7
19650,6
19660,7
19670,6
19680,7
19690,6
19700,7
19710,6
19720,6
19730,6
19740,7
19750,8
19760,7
19770,7
19780,6
19790,6
19800,6
19810,6
19820,6
19830,6
19840,6
19850,6
19860,6
19870,5
19880,6
19890,6
19900,7
19910,5
19920,5
19930,5
19940,6
19950,6
19960,6
19970,5
19980,5
19990,6
20000,7
20010,7
20020,6
20030,6
20040,6
20050,7
20060,6
20070,6
20080,6
20090,5
20100,5
20110,5
20120,5
20130,5
20140,4
20150,4
20160,4
20170,5
20180,5
20190,5
20200,4
20210,4
20220,4
20230,4
20240,4
20250,4
20260,4
20270,4
20280,3
20290,3
20300,3
20310,3
20320,3
20330,2
20340,2
20350,2
20360,2
20370,2
20380,3
20390,3
20400,3
20410,3
20420,3
20430,3
20440,3
20450,3
20460,2
20470,2
20480,2
20490,3
20500,2
20510,2
20520,2
20530,2
20540,2
20550,3
20560,3
20570,3
20580,3
20590,3
20600,3
20610,3
20620,2
20630,2
20640,3
20650,3
20660,2
20670,1
20680,1
20690,1
20700,1
20710,1
20720,1
20730,1
20740,1
20750,1
20760,1
20770,1
20780,1
20790,1
20800,1
20810,2
20820,2
20830,3
20840,3
20850,3
20860,4
20870,4
20880,5
20890,5
20900,4
20910,4
20920,5
20930,5
20940,4
20950,6
20960,6
20970,6
20980,5
20990,6
21000,6
21010,6
21020,5
21030,4
21040,4
21050,5
21060,5
21070,5
21080,5
21090,5
21100,5
21110,5
21120,5
21130,3
21140,4
21150,4
21160,4
21170,4
21180,4
21190,5
21200,5
21210,3
21220,3
21230,3
21240,3
21250,5
21260,5
21270,4
21280,4
21290,3
21300,4
21310,5
21320,4
21330,4
21340,4
21350,4
21360,4
21370,3
21380,1
21390,4
21400,3
21410,3
21420,2
21430,2
21440,2
21450,1
21460,1
21470,2
21480,2
21490,2
21500,1
21510,1
21520,1
21530,0
21540,12
21550,11
21560,7
21570,5
21580,8
21590,10
21600,11
21610,13
21620,13
21630,9
21640,10
21650,10
21660,9
21670,8
21680,8
21690,7
21700,7
21710,9
21720,9
21730,8
21740,9
21750,10
21760,11
21770,11
21780,12
21790,11
21800,12
21810,11
21820,12
21830,12
21840,12
21850,12
21860,12
21870,12
21880,12
21890,12
21900,12
21910,12
21920,12
21930,10
21940,10
21950,10
21960,10
21970,11
21980,11
21990,10
22000,10
22010,12
22020,12
22030,11
22040,11
22050,12
22060,13
22070,12
22080,12
22090,12
22100,12
22110,12
22120,12
22130,12
22140,13
22150,14
22160,13
22170,13
22180,13
22190,10
22200,11
22210,13
22220,12
22230,14
22240,12
22250,13
22260,14
22270,12
22280,15
22290,14
22300,14
22310,13
22320,13
22330,14
22340,14
22350,14
22360,14
22370,14
22380,16
22390,16
22400,14
22410,14
22420,14
22430,15
22440,14
22450,14
22460,14
22470,14
22480,14
22490,13
22500,13
22510,13
22520,13
22530,13
22540,13
22550,13
22560,13
22570,12
22580,12
22590,13
22600,13
22610,13
22620,13
22630,12
22640,11
22650,11
22660,12
22670,12
22680,11
22690,12
22700,9
22710,9
22720,10
22730,9
22740,9
22750,9
22760,9
22770,8
22780,9
22790,9
22800,9
22810,10
22820,9
22830,9
22840,9
22850,9
22860,9
22870,10
22880,10
22890,10
22900,10
22910,10
22920,11
22930,12
22940,11
22950,12
22960,11
22970,11
22980,10
22990,12
23000,11
23010,12
23020,12
23030,11
23040,11
23050,12
23060,11
23070,11
23080,11
23090,11
23100,13
23110,13
23120,13
23130,13
23140,13
23150,13
23160,13
23170,14
23180,14
23190,14
23200,14
23210,14
23220,15
23230,16
23240,15
23250,15
23260,15
23270,17
23280,17
23290,16
23300,16
23310,17
23320,17
23330,16
23340,15
23350,14
23360,14
23370,16
23380,16
23390,16
23400,17
23410,17
23420,16
23430,16
23440,17
23450,18
23460,17
23470,16
23480,15
23490,15
23500,14
23510,14
23520,14
23530,14
23540,15
23550,16
23560,14
23570,13
23580,15
23590,15
23600,15
23610,15
23620,14
23630,14
23640,15
23650,13
23660,12
23670,11
23680,11
23690,11
23700,10
23710,11
23720,13
23730,13
23740,13
23750,11
23760,11
23770,12
23780,12
23790,13
23800,11
23810,12
23820,12
23830,11
23840,11
23850,11
23860,11
23870,12
23880,12
23890,12
23900,11
23910,11
23920,11
23930,10
23940,9
23950,9
23960,10
23970,9
23980,9
23990,9
24000,11
24010,9
24020,8
24030,8
24040,7
24050,8
24060,7
24070,7
24080,7
24090,6
24100,6
24110,6
24120,7
24130,7
24140,7
24150,8
24160,8
24170,8
24180,8
24190,8
24200,7
24210,5
24220,4
24230,3
24240,3
24250,3
24260,3
24270,3
24280,3
24290,1
24300,2
24310,4
24320,4
24330,5
24340,5
24350,6
24360,8
24370,7
24380,9
24390,9
24400,10
24410,9
24420,10
24430,10
24440,11
24450,12
24460,11
24470,11
24480,12
24490,12
24500,14
24510,14
24520,12
24530,13
24540,15
24550,16
24560,15
24570,13
24580,15
24590,11
24600,11
24610,11
24620,9
24630,9
24640,9
24650,9
24660,8
24670,8
24680,9
24690,11
24700,13
24710,13
24720,13
24730,13
24740,14
24750,15
24760,14
24770,14
24780,14
24790,14
24800,13
24810,12
24820,11
24830,10
24840,10
24850,10
24860,11
24870,13
24880,15
24890,16
24900,15
24910,14
24920,16
24930,16
24940,17
24950,15
24960,14
24970,14
24980,14
24990,12
25000,13
25010,13
25020,13
25030,12
25040,11
25050,11
25060,9
25070,10
25080,9
25090,8
25100,8
25110,7
25120,7
25130,8
25140,6
25150,7
25160,7
25170,7
25180,7
25190,11
25200,11
25210,11
25220,10
25230,10
25240,9
25250,10
25260,11
25270,10
25280,9
25290,9
25300,10
25310,11
25320,12
25330,14
25340,14
25350,13
25360,13
25370,11
25380,10
25390,11
25400,12
25410,12
25420,11
25430,9
25440,9
25450,9
25460,10
25470,12
25480,13
25490,13
25500,15
25510,14
25520,13
25530,12
25540,12
25550,14
25560,15
25570,14
25580,14
25590,14
25600,14
25610,14
25620,12
25630,11
25640,11
25650,12
25660,13
25670,12
25680,12
25690,12
25700,11
25710,12
25720,12
25730,13
25740,13
25750,13
25760,14
25770,14
25780,14
25790,14
25800,15
25810,16
25820,15
25830,14
25840,14
25850,14
25860,15
25870,15
25880,15
25890,16
25900,16
25910,16
25920,14
25930,13
25940,13
25950,13
25960,13
25970,13
25980,13
25990,13
26000,13
26010,13
26020,13
26030,13
26040,13
26050,13
26060,13
26070,12
26080,12
26090,12
26100,12
26110,12
26120,12
26130,11
26140,11
26150,12
26160,12
26170,12
26180,12
26190,12
26200,13
26210,13
26220,15
26230,14
26240,13
26250,13
26260,14
26270,14
26280,15
26290,14
26300,15
26310,15
26320,15
26330,16
26340,16
26350,16
26360,14
26370,14
26380,15
26390,15
26400,13
26410,13
26420,13
26430,14
26440,14
26450,14
26460,14
26470,13
26480,14
26490,14
26500,15
26510,16
26520,13
26530,12
26540,12
26550,12
26560,12
26570,12
26580,12
26590,12
26600,12
26610,14
26620,13
26630,13
26640,14
26650,14
26660,16
26670,15
26680,13
26690,13
26700,12
26710,13
26720,13
26730,13
26740,14
26750,13
26760,13
26770,13
26780,13
26790,13
26800,13
26810,15
26820,14
26830,13
26840,13
26850,15
26860,13
26870,11
26880,11
26890,13
26900,13
26910,10
26920,11
26930,13
26940,13
26950,14
26960,14
26970,15
26980,14
26990,15
27000,14
27010,13
27020,13
27030,14
27040,14
27050,14
27060,14
27070,16
27080,15
27090,15
27100,14
27110,14
27120,13
27130,15
27140,16
27150,14
27160,14
27170,15
27180,14
27190,13
27200,12
27210,13
27220,15
27230,15
27240,13
27250,14
27260,15
27270,14
27280,14
27290,16
27300,19
27310,18
27320,17
27330,16
27340,18
27350,16
27360,15
27370,15
27380,16
27390,14
27400,14
27410,15
27420,14
27430,14
27440,15
27450,17
27460,16
27470,15
27480,15
27490,17
27500,13
27510,13
27520,13
27530,14
27540,14
27550,15
27560,14
27570,14
27580,14
27590,14
27600,13
27610,14
27620,15
27630,15
27640,13
27650,14
27660,18
27670,14
27680,12
27690,13
27700,14
27710,13
27720,12
27730,14
27740,15
27750,13
27760,12
27770,11
27780,11
27790,11
27800,11
27810,10
27820,11
27830,10
27840,10
27850,12
27860,13
27870,11
27880,13
27890,14
27900,14
27910,13
27920,13
27930,13
27940,12
27950,13
27960,13
27970,12
27980,12
27990,11
28000,12
28010,10
28020,11
28030,11
28040,11
28050,12
28060,12
28070,12
28080,11
28090,11
28100,11
28110,11
28120,12
28130,12
28140,12
28150,11
28160,10
28170,10
28180,10
28190,10
28200,8
28210,8
28220,8
28230,6
28240,7
28250,7
28260,8
28270,7
28280,6
28290,7
28300,7
28310,6
28320,6
28330,6
28340,6
28350,7
28360,7
28370,7
28380,7
28390,7
28400,6
28410,6
28420,4
28430,4
28440,4
28450,5
28460,4
28470,5
28480,5
28490,4
28500,3
28510,2
28520,2
28530,2
28540,2
28550,2
28560,1
28570,1
28580,1
28590,1
28600,2
28610,2
28620,2
28630,3
28640,2
28650,2
28660,2
28670,2
28680,3
28690,3
28700,3
28710,4
28720,4
28730,4
28740,4
28750,4
28760,4
28770,4
28780,4
28790,4
28800,5
28810,5
28820,5
28830,6
28840,6
28850,6
28860,7
28870,7
28880,7
28890,7
28900,9
28910,10
28920,9
28930,9
28940,9
28950,9
28960,9
28970,10
28980,9
28990,9
29000,8
29010,8
29020,9
29030,10
29040,9
29050,10
29060,9
29070,9
29080,10
29090,9
29100,9
29110,9
29120,9
29130,9
29140,9
29150,10
29160,9
29170,9
29180,9
29190,9
29200,9
29210,9
29220,10
29230,10
29240,9
29250,9
29260,10
29270,10
29280,10
29290,9
29300,9
29310,9
29320,10
29330,11
29340,10
29350,10
29360,10
29370,10
29380,10
29390,8
29400,9
29410,10
29420,10
29430,11
29440,9
29450,9
29460,8
29470,10
29480,10
29490,10
29500,9
29510,10
29520,10
29530,11
29540,11
29550,8
29560,8
29570,8
29580,10
29590,11
29600,11
29610,10
29620,10
29630,11
29640,12
29650,12
29660,12
29670,12
29680,11
29690,11
29700,12
29710,12
29720,10
29730,11
29740,11
29750,11
29760,12
29770,12
29780,12
29790,12
29800,11
29810,10
29820,12
29830,12
29840,12
29850,12
29860,11
29870,12
29880,13
29890,12
29900,12
29910,12
29920,13
29930,14
29940,14
29950,15
29960,14
29970,13
29980,13
29990,12
30000,11
30010,13
30020,13
30030,12
30040,10
30050,12
30060,14
30070,16
30080,12
30090,12
30100,12
30110,11
30120,11
30130,10
30140,10
30150,11
30160,10
30170,11
30180,10
30190,11
30200,10
30210,9
30220,8
30230,9
30240,8
30250,8
30260,9
30270,10
30280,10
30290,10
30300,9
30310,9
30320,9
30330,11
30340,10
30350,10
30360,8
30370,9
30380,9
30390,11
30400,10
30410,11
30420,13
30430,12
30440,12
30450,13
30460,14
30470,13
30480,12
30490,12
30500,14
30510,13
30520,14
30530,13
30540,13
30550,13
30560,12
30570,12
30580,12
30590,12
30600,13
30610,12
30620,11
30630,12
30640,12
30650,12
30660,12
30670,12
30680,12
30690,12
30700,12
30710,11
30720,11
30730,11
30740,12
30750,12
30760,11
30770,11
30780,11
30790,12
30800,12
30810,12
30820,12
30830,12
30840,13
30850,12
30860,12
30870,12
30880,13
30890,13
30900,14
30910,14
30920,15
30930,15
30940,11
30950,12
30960,12
30970,12
30980,13
30990,14
31000,12
31010,12
31020,12
31030,11
31040,11
31050,12
31060,12
31070,12
31080,12
31090,12
31100,12
31110,12
31120,12
31130,12
31140,11
31150,11
31160,12
31170,12
31180,12
31190,12
31200,12
31210,12
31220,12
31230,12
31240,12
31250,12
31260,12
31270,11
31280,10
31290,11
31300,11
31310,10
31320,11
31330,11
31340,11
31350,11
31360,10
31370,10
31380,10
31390,8
31400,8
31410,8
31420,8
31430,8
31440,8
31450,7
31460,7
31470,7
31480,7
31490,8
31500,8
31510,8
31520,8
31530,8
31540,8
31550,7
31560,7
31570,7
31580,7
31590,7
31600,7
31610,7
31620,5
31630,6
31640,6
31650,6
31660,6
31670,7
31680,7
31690,8
31700,8
31710,8
31720,8
31730,8
31740,9
31750,9
31760,8
31770,9
31780,9
31790,10
31800,9
31810,10
31820,11
31830,10
31840,11
31850,9
31860,9
31870,10
31880,10
31890,11
31900,11
31910,11
31920,11
31930,13
31940,12
31950,12
31960,12
31970,12
31980,11
31990,11
32000,12
32010,12
32020,12
32030,12
32040,11
32050,10
32060,10
32070,10
32080,11
32090,10
32100,11
32110,12
32120,11
32130,11
32140,12
32150,11
32160,13
32170,13
32180,12
32190,12
32200,12
32210,12
32220,12
32230,13
32240,12
32250,12
32260,11
32270,11
32280,11
32290,11
32300,11
32310,11
32320,11
32330,11
32340,9
32350,10
32360,12
32370,12
32380,12
32390,12
32400,12
32410,12
32420,12
32430,12
32440,11
32450,11
32460,11
32470,11
32480,11
32490,12
32500,13
32510,12
32520,14
32530,15
32540,14
32550,12
32560,12
32570,12
32580,13
32590,12
32600,12
32610,11
32620,11
32630,11
32640,11
32650,13
32660,11
32670,10
32680,12
32690,13
32700,12
32710,12
32720,15
32730,15
32740,15
32750,13
32760,12
32770,12
32780,13
32790,11
32800,12
32810,10
32820,10
32830,8
32840,9
32850,8
32860,9
32870,8
32880,8
32890,9
32900,8
32910,9
32920,8
32930,9
32940,11
32950,10
32960,10
32970,10
32980,10
32990,10
33000,11
33010,10
33020,10
33030,11
33040,11
33050,10
33060,10
33070,11
33080,11
33090,10
33100,10
33110,9
33120,9
33130,8
33140,8
33150,8
33160,9
33170,10
33180,9
33190,9
33200,8
33210,8
33220,8
33230,8
33240,6
33250,5
33260,7
33270,6
33280,5
33290,5
33300,5
33310,6
33320,6
33330,5
33340,4
33350,4
33360,4
33370,5
33380,4
33390,4
33400,4
33410,4
33420,4
33430,4
33440,4
33450,4
33460,4
33470,4
33480,4
33490,4
33500,4
33510,4
33520,3
33530,4
33540,6
33550,6
33560,5
33570,4
33580,4
33590,4
33600,6
33610,6
33620,6
33630,6
33640,6
33650,6
33660,6
33670,6
33680,6
33690,8
33700,8
33710,8
33720,7
33730,9
33740,9
33750,9
33760,9
33770,11
33780,12
33790,11
33800,10
33810,11
33820,12
33830,11
33840,11
33850,12
33860,11
33870,11
33880,10
33890,10
33900,10
33910,8
33920,8
33930,8
33940,7
33950,7
33960,7
33970,7
33980,9
33990,10
34000,11
34010,11
34020,11
34030,11
34040,12
34050,11
34060,11
34070,11
34080,11
34090,10
34100,10
34110,9
34120,8
34130,9
34140,8
34150,8
34160,8
34170,8
34180,9
34190,10
34200,11
34210,10
34220,12
34230,13
34240,12
34250,13
34260,12
34270,12
34280,14
34290,11
34300,13
34310,11
34320,11
34330,11
34340,15
34350,14
34360,14
34370,15
34380,14
34390,14
34400,13
34410,13
34420,13
34430,12
34440,11
34450,11
34460,14
34470,16
34480,14
34490,12
34500,13
34510,12
34520,13
34530,12
34540,13
34550,12
34560,13
34570,13
34580,13
34590,13
34600,13
34610,14
34620,14
34630,14
34640,12
34650,13
34660,12
34670,11
34680,13
34690,13
34700,13
34710,10
34720,12
34730,12
34740,13
34750,13
34760,15
34770,14
34780,14
34790,13
34800,13
34810,13
34820,13
34830,13
34840,13
34850,13
34860,13
34870,12
34880,12
34890,13
34900,13
34910,14
34920,13
34930,13
34940,14
34950,12
34960,13
34970,12
34980,14
34990,12
35000,11
35010,11
35020,11
35030,12
35040,12
35050,13
35060,12
35070,12
35080,11
35090,11
35100,13
35110,12
35120,12
35130,12
35140,12
35150,11
35160,10
35170,11
35180,9
35190,9
35200,10
35210,10
35220,10
35230,12
35240,11
35250,10
35260,10
35270,10
35280,11
35290,11
35300,11
35310,10
35320,10
35330,11
35340,11
35350,11
35360,12
35370,12
35380,12
35390,11
35400,11
35410,12
35420,12
35430,12
35440,12
35450,12
35460,11
35470,10
35480,10
35490,10
35500,11
35510,11
35520,11
35530,10
35540,10
35550,10
35560,11
35570,11
35580,11
35590,12
35600,10
35610,11
35620,11
35630,11
35640,11
35650,12
35660,12
35670,11
35680,10
35690,10
35700,11
35710,10
35720,10
35730,11
35740,11
35750,11
35760,11
35770,10
35780,11
35790,11
35800,12
35810,11
35820,10
35830,10
35840,11
35850,13
35860,14
35870,11
35880,10
35890,12
35900,12
35910,12
35920,13
35930,12
35940,12
35950,11
35960,12
35970,11
35980,13
35990,11
36000,11
36010,11
36020,12
36030,13
36040,13
36050,11
36060,13
36070,13
36080,14
36090,14
36100,14
36110,13
36120,13
36130,14
36140,13
36150,12
36160,12
36170,13
36180,14
36190,13
36200,14
36210,14
36220,14
36230,12
36240,14
36250,12
36260,14
36270,14
36280,15
36290,16
36300,15
36310,14
36320,15
36330,15
36340,16
36350,15
36360,14
36370,13
36380,15
36390,14
36400,13
36410,14
36420,13
36430,13
36440,13
36450,11
36460,13
36470,13
36480,11
36490,12
36500,12
36510,13
36520,13
36530,10
36540,10
36550,11
36560,10
36570,11
36580,11
36590,11
36600,12
36610,12
36620,12
36630,12
36640,12
36650,13
36660,13
36670,12
36680,11
36690,11
36700,12
36710,13
36720,10
36730,10
36740,11
36750,12
36760,11
36770,12
36780,12
36790,13
36800,11
36810,11
36820,11
36830,11
36840,10
36850,13
36860,13
36870,13
36880,13
36890,13
36900,12
36910,10
36920,10
36930,10
36940,10
36950,9
36960,8
36970,8
36980,9
36990,11
37000,10
37010,8
37020,9
37030,9
37040,9
37050,10
37060,10
37070,9
37080,9
37090,10
37100,9
37110,9
37120,8
37130,10
37140,10
37150,9
37160,10
37170,10
37180,10
37190,10
37200,9
37210,9
37220,8
37230,8
37240,8
37250,9
37260,9
37270,10
37280,9
37290,12
37300,12
37310,11
37320,11
37330,11
37340,12
37350,11
37360,10
37370,13
37380,12
37390,12
37400,12
37410,12
37420,13
37430,12
37440,12
37450,12
37460,13
37470,13
37480,13
37490,12
37500,13
37510,13
37520,12
37530,13
37540,13
37550,13
37560,13
37570,13
37580,13
37590,14
37600,16
37610,15
37620,15
37630,16
37640,15
37650,16
37660,15
37670,15
37680,15
37690,16
37700,14
37710,14
37720,14
37730,15
37740,14
37750,14
37760,14
37770,15
37780,13
37790,16
37800,16
37810,16
37820,16
37830,15
37840,16
37850,16
37860,16
37870,16
37880,17
37890,16
37900,16
37910,17
37920,16
37930,16
37940,14
37950,14
37960,14
37970,14
37980,16
37990,16
38000,16
38010,14
38020,15
38030,15
38040,15
38050,14
38060,13
38070,14
38080,14
38090,13
38100,13
38110,12
38120,14
38130,14
38140,13
38150,12
38160,13
38170,14
38180,14
38190,13
38200,13
38210,14
38220,14
38230,13
38240,14
38250,14
38260,13
38270,13
38280,13
38290,12
38300,13
38310,13
38320,14
38330,16
38340,16
38350,16
38360,16
38370,16
38380,14
38390,15
38400,13
38410,12
38420,12
38430,12
38440,12
38450,12
38460,10
38470,9
38480,10
38490,10
38500,9
38510,9
38520,9
38530,9
38540,10
38550,11
38560,9
38570,10
38580,10
38590,11
38600,10
38610,11
38620,9
38630,10
38640,7
38650,7
38660,8
38670,7
38680,7
38690,7
38700,8
38710,9
38720,9
38730,10
38740,10
38750,9
38760,9
38770,9
38780,8
38790,9
38800,8
38810,8
38820,8
38830,8
38840,9
38850,9
38860,8
38870,10
38880,11
38890,11
38900,11
38910,12
38920,12
38930,12
38940,12
38950,12
38960,12
38970,11
38980,11
38990,12
39000,13
39010,13
39020,13
39030,12
39040,13
39050,12
39060,14
39070,15
39080,15
39090,14
39100,14
39110,14
39120,14
39130,12
39140,12
39150,12
39160,13
39170,12
39180,12
39190,12
39200,12
39210,12
39220,13
39230,13
39240,13
39250,11
39260,11
39270,12
39280,11
39290,11
39300,12
39310,13
39320,12
39330,13
39340,12
39350,12
39360,9
39370,11
39380,11
39390,12
39400,11
39410,11
39420,11
39430,10
39440,9
39450,10
39460,11
39470,11
39480,12
39490,12
39500,12
39510,11
39520,11
39530,11
39540,11
39550,13
39560,14
39570,13
39580,13
39590,11
39600,11
39610,11
39620,12
39630,13
39640,14
39650,11
39660,12
39670,12
39680,14
39690,14
39700,14
39710,13
39720,14
39730,13
39740,14
39750,14
39760,15
39770,14
39780,14
39790,13
39800,14
39810,13
39820,13
39830,12
39840,12
39850,12
39860,11
39870,12
39880,12
39890,11
39900,11
39910,11
39920,11
39930,10
39940,11
39950,11
39960,10
39970,10
39980,12
39990,12
40000,11
40010,11
40020,13
40030,12
40040,13
40050,11
40060,10
40070,8
40080,9
40090,9
40100,10
40110,10
40120,10
40130,9
40140,8
40150,9
40160,9
40170,9
40180,10
40190,9
40200,9
40210,10
40220,9
40230,7
40240,8
40250,9
40260,10
40270,9
40280,10
40290,9
40300,9
40310,8
40320,7
40330,6
40340,6
40350,7
40360,8
40370,8
40380,8
40390,7
40400,8
40410,9
40420,9
40430,9
40440,8
40450,8
40460,6
40470,6
40480,7
40490,6
40500,5
40510,5
40520,4
40530,3
40540,3
40550,4
40560,4
40570,5
40580,5
40590,5
40600,3
40610,3
40620,3
40630,3
40640,3
40650,3
40660,3
40670,3
40680,3
40690,3
40700,3
40710,4
40720,4
40730,2
40740,1
40750,1
40760,1
40770,2
40780,2
40790,1
40800,1
40810,1
40820,1
40830,1
40840,1
40850,1
40860,1
40870,1
40880,1
40890,1
40900,1
40910,1
40920,1
40930,1
40940,0
40950,7
40960,12
40970,12
40980,13
40990,9
41000,12
41010,14
41020,13
41030,11
41040,8
41050,9
41060,9
41070,12
41080,11
41090,12
41100,9
41110,7
41120,5
41130,4
41140,3
41150,4
41160,4
41170,3
41180,4
41190,6
41200,8
41210,6
41220,4
41230,4
41240,4
41250,5
41260,5
41270,6
41280,5
41290,6
41300,5
41310,7
41320,7
41330,6
41340,5
41350,7
41360,8
41370,10
41380,8
41390,8
41400,13
41410,14
41420,15
41430,14
41440,12
41450,12
41460,15
41470,15
41480,15
41490,14
41500,13
41510,12
41520,13
41530,11
41540,11
41550,11
41560,11
41570,10
41580,12
41590,9
41600,6
41610,6
41620,7
41630,7
41640,7
41650,7
41660,11
41670,12
41680,9
41690,11
41700,11
41710,12
41720,12
41730,15
41740,14
41750,13
41760,15
41770,11
41780,13
41790,11
41800,10
41810,13
41820,12
41830,8
41840,6
41850,6
41860,6
41870,5
41880,6
41890,6
41900,8
41910,7
41920,6
41930,4
41940,5
41950,4
41960,4
41970,2
41980,4
41990,5
42000,6
42010,4
42020,7
42030,8
42040,8
42050,7
42060,7
42070,5
42080,6
42090,7
42100,8
42110,9
42120,8
42130,8
42140,8
42150,9
42160,12
42170,12
42180,13
42190,14
42200,14
42210,13
42220,13
42230,15
42240,14
42250,14
42260,12
42270,12
42280,10
42290,10
42300,12
42310,13
42320,14
42330,11
42340,14
42350,10
42360,10
42370,9
42380,8
42390,6
42400,3
42410,3
42420,4
42430,5
42440,5
42450,3
42460,2
42470,3
42480,3
42490,2
42500,2
42510,2
42520,2
42530,1
42540,0
42550,0
42560,5
42570,6
42580,4
42590,4
42600,5
42610,3
42620,1
42630,0
42640,0
42650,2
42660,1
42670,1
42680,0
42690,0
42700,6
42710,11
42720,8
42730,8
42740,7
42750,3
42760,9
42770,10
42780,11
42790,9
42800,10
42810,9
42820,10
42830,10
42840,10
42850,9
42860,10
42870,9
42880,9
42890,11
42900,12
42910,12
42920,11
42930,11
42940,10
42950,11
42960,11
42970,10
42980,10
42990,11
43000,10
43010,11
43020,10
43030,9
43040,9
43050,11
43060,10
43070,11
43080,10
43090,11
43100,10
43110,12
43120,12
43130,13
43140,13
43150,14
43160,12
43170,12
43180,12
43190,11
43200,11
43210,11
43220,13
43230,12
43240,10
43250,8
43260,9
43270,11
43280,10
43290,8
43300,10
43310,10
43320,9
43330,8
43340,8
43350,9
43360,9
43370,9
43380,9
43390,9
43400,9
43410,9
43420,7
43430,7
43440,7
43450,7
43460,6
43470,6
43480,7
43490,8
43500,5
43510,4
43520,3
43530,3
43540,3
43550,4
43560,3
43570,2
43580,2
43590,1
43600,0
43610,16
43620,15
43630,1
43640,0
43650,8
43660,7
43670,4
43680,3
43690,2
43700,2
43710,1
43720,1
43730,1
43740,2
43750,2
43760,1
43770,1
43780,1
43790,1
43800,1
43810,1
43820,2
43830,2
43840,2
43850,2
43860,2
43870,3
43880,3
43890,3
43900,3
43910,4
43920,2
43930,2
43940,2
43950,2
43960,2
43970,2
43980,2
43990,1
44000,2
44010,3
44020,3
44030,3
44040,2
44050,2
44060,2
44070,2
44080,2
44090,2
44100,2
44110,1
44120,1
44130,1
44140,1
44150,1
44160,2
44170,2
44180,2
44190,2
44200,2
44210,2
44220,2
44230,1
44240,2
44250,2
44260,2
44270,2
44280,2
44290,2
44300,2
44310,3
44320,3
44330,3
44340,2
44350,2
44360,1
44370,2
44380,2
44390,2
44400,2
44410,2
44420,1
44430,1
44440,1
44450,2
44460,1
44470,1
44480,1
44490,1
44500,1
44510,1
44520,1
44530,1
44540,2
44550,2
44560,2
44570,2
44580,2
44590,2
44600,2
44610,2
44620,2
44630,2
44640,2
44650,2
44660,2
44670,2
44680,2
44690,2
44700,2
44710,2
44720,2
44730,2
44740,2
44750,2
44760,2
44770,2
44780,2
44790,2
44800,2
44810,2
44820,2
44830,2
44840,2
44850,3
44860,3
44870,3
44880,4
44890,5
44900,5
44910,6
44920,6
44930,6
44940,7
44950,8
44960,8
44970,8
44980,8
44990,8
45000,6
45010,7
45020,8
45030,8
45040,8
45050,6
45060,7
45070,6
45080,6
45090,7
45100,8
45110,7
45120,6
45130,8
45140,8
45150,8
45160,7
45170,7
45180,7
45190,9
45200,9
45210,7
45220,8
45230,8
45240,8
45250,9
45260,9
45270,8
45280,9
45290,10
45300,10
45310,9
45320,10
45330,10
45340,10
45350,10
45360,10
45370,10
45380,10
45390,10
45400,10
45410,10
45420,10
45430,10
45440,10
45450,11
45460,10
45470,10
45480,9
45490,11
45500,10
45510,10
45520,10
45530,10
45540,10
45550,10
45560,10
45570,11
45580,11
45590,10
45600,9
45610,10
45620,11
45630,11
45640,13
45650,12
45660,11
45670,9
45680,11
45690,10
45700,9
45710,11
45720,11
45730,12
45740,13
45750,13
45760,12
45770,13
45780,13
45790,14
45800,13
45810,13
45820,11
45830,10
45840,12
45850,13
45860,13
45870,12
45880,13
45890,11
45900,12
45910,12
45920,13
45930,13
45940,13
45950,13
45960,13
45970,12
45980,13
45990,13
46000,14
46010,14
46020,12
46030,13
46040,10
46050,11
46060,11
46070,13
46080,12
46090,12
46100,12
46110,12
46120,14
46130,13
46140,14
46150,13
46160,13
46170,14
46180,13
46190,14
46200,14
46210,15
46220,15
46230,15
46240,14
46250,14
46260,13
46270,13
46280,14
46290,15
46300,15
46310,14
46320,16
46330,13
46340,14
46350,12
46360,12
46370,13
46380,14
46390,13
46400,12
46410,12
46420,12
46430,12
46440,12
46450,11
46460,10
46470,11
46480,11
46490,11
46500,11
46510,11
46520,11
46530,11
46540,11
46550,11
46560,11
46570,11
46580,11
46590,11
46600,11
46610,12
46620,13
46630,13
46640,14
46650,15
46660,13
46670,15
46680,15
46690,15
46700,13
46710,13
46720,13
46730,13
46740,14
46750,14
46760,13
46770,13
46780,13
46790,13
46800,13
46810,13
46820,15
46830,13
46840,14
46850,13
46860,15
46870,15
46880,14
46890,15
46900,15
46910,15
46920,14
46930,12
46940,12
46950,11
46960,10
46970,11
46980,10
46990,11
47000,11
47010,11
47020,10
47030,11
47040,9
47050,10
47060,9
47070,8
47080,8
47090,8
47100,8
47110,8
47120,7
47130,8
47140,7
47150,6
47160,6
47170,6
47180,5
47190,6
47200,5
47210,5
47220,5
47230,6
47240,6
47250,6
47260,6
47270,6
47280,6
47290,6
47300,8
47310,8
47320,6
47330,6
47340,6
47350,7
47360,8
47370,7
47380,7
47390,5
47400,4
47410,3
47420,5
47430,5
47440,5
47450,4
47460,4
47470,4
47480,5
47490,5
47500,5
47510,5
47520,5
47530,5
47540,6
47550,6
47560,5
47570,5
47580,5
47590,6
47600,6
47610,6
47620,5
47630,5
47640,5
47650,6
47660,6
47670,6
47680,6
47690,6
47700,5
47710,6
47720,6
47730,6
47740,6
47750,6
47760,6
47770,6
47780,6
47790,6
47800,6
47810,6
47820,6
47830,6
47840,6
47850,6
47860,7
47870,7
47880,7
47890,7
47900,7
47910,7
47920,7
47930,8
47940,8
47950,7
47960,6
47970,6
47980,6
47990,5
48000,6
48010,6
48020,6
48030,4
48040,4
48050,5
48060,5
48070,4
48080,3
48090,3
48100,4
48110,3
48120,2
48130,3
48140,2
48150,2
48160,1
48170,2
48180,2
48190,2
48200,1
48210,1
48220,1
48230,1
48240,1
48250,2
48260,1
48270,1
48280,1
48290,1
48300,1
48310,2
48320,1
48330,1
48340,1
48350,1
48360,1
48370,1
48380,1
48390,1
48400,1
48410,1
48420,1
48430,1
48440,1
48450,1
48460,1
48470,1
48480,1
48490,1
48500,1
48510,1
48520,1
48530,1
48540,1
48550,1
48560,1
48570,1
48580,1
48590,1
48600,1
48610,1
48620,1
48630,1
48640,1
48650,1
48660,1
48670,1
48680,1
48690,1
48700,1
48710,1
48720,1
48730,1
48740,1
48750,1
48760,1
48770,1
48780,1
48790,1
48800,1
48810,1
48820,1
48830,1
48840,1
48850,1
48860,1
48870,1
48880,1
48890,1
48900,1
48910,1
48920,1
48930,1
48940,1
48950,1
48960,1
48970,1
48980,1
48990,1
49000,2
49010,1
49020,1
49030,1
49040,1
49050,1
49060,1
49070,1
49080,1
49090,1
49100,1
49110,1
49120,1
49130,1
49140,1
49150,1
49160,1
49170,1
49180,1
49190,1
49200,1
49210,1
49220,1
49230,0
49240,14
49250,7
49260,14
49270,10
49280,9
49290,5
49300,10
49310,11
49320,10
49330,9
49340,9
49350,10
49360,10
49370,8
49380,7
49390,8
49400,9
49410,10
49420,9
49430,9
49440,8
49450,8
49460,8
49470,8
49480,6
49490,6
49500,5
49510,3
49520,4
49530,6
49540,8
49550,6
49560,6
49570,6
49580,6
49590,5
49600,6
49610,6
49620,5
49630,5
49640,4
49650,4
49660,5
49670,4
49680,3
49690,4
49700,5
49710,4
49720,4
49730,4
49740,4
49750,5
49760,6
49770,6
49780,7
49790,7
49800,6
49810,5
49820,8
49830,7
49840,7
49850,7
49860,8
49870,8
49880,9
49890,8
49900,8
49910,8
49920,8
49930,6
49940,7
49950,8
49960,9
49970,8
49980,7
49990,7
50000,8
50010,8
50020,8
50030,8
50040,6
50050,6
50060,6
50070,6
50080,6
50090,6
50100,6
50110,7
50120,8
50130,7
50140,7
50150,8
50160,9
50170,8
50180,9
50190,9
50200,8
50210,8
50220,9
50230,9
50240,10
50250,10
50260,9
50270,7
50280,8
50290,10
50300,10
50310,10
50320,11
50330,9
50340,11
50350,10
50360,12
50370,11
50380,11
50390,10
50400,12
50410,12
50420,12
50430,11
50440,12
50450,11
50460,11
50470,11
50480,14
50490,13
50500,13
50510,13
50520,13
50530,14
50540,16
50550,16
50560,15
50570,15
50580,15
50590,15
50600,15
50610,15
50620,15
50630,15
50640,15
50650,14
50660,15
50670,16
50680,17
50690,17
50700,15
50710,17
50720,18
50730,17
50740,16
50750,17
50760,16
50770,15
50780,17
50790,18
50800,17
50810,17
50820,17
50830,17
50840,15
50850,15
50860,14
50870,12
50880,12
50890,13
50900,14
50910,13
50920,13
50930,13
50940,13
50950,14
50960,14
50970,15
50980,13
50990,13
51000,10
51010,11
51020,11
51030,7
51040,9
51050,10
51060,11
51070,9
51080,7
51090,7
51100,8
51110,7
51120,7
51130,6
51140,5
51150,4
51160,4
51170,4
51180,4
51190,3
51200,4
51210,4
51220,4
51230,5
51240,4
51250,5
51260,4
51270,4
51280,4
51290,4
51300,4
51310,4
51320,4
51330,4
51340,5
51350,6
51360,5
51370,4
51380,4
51390,4
51400,5
51410,5
51420,5
51430,5
51440,3
51450,4
51460,3
51470,3
51480,3
51490,4
51500,4
51510,3
51520,3
51530,3
51540,4
51550,4
51560,4
51570,3
51580,2
51590,2
51600,3
51610,3
51620,3
51630,3
51640,3
51650,3
51660,3
51670,3
51680,4
51690,3
51700,3
51710,3
51720,4
51730,4
51740,3
51750,2
51760,3
51770,3
51780,4
51790,4
51800,5
51810,5
51820,5
51830,5
51840,6
51850,6
51860,6
51870,6
51880,7
51890,6
51900,6
51910,7
51920,7
51930,9
51940,9
51950,8
51960,8
51970,8
51980,8
51990,8
52000,8
52010,9
52020,9
52030,9
52040,9
52050,9
52060,9
52070,9
52080,9
52090,10
52100,10
52110,7
52120,7
52130,8
52140,9
52150,8
52160,7
52170,7
52180,6
52190,7
52200,7
52210,6
52220,5
52230,5
52240,5
52250,5
52260,5
52270,4
52280,4
52290,4
52300,4
52310,4
52320,4
52330,4
52340,4
52350,3
52360,3
52370,3
52380,3
52390,3
52400,3
52410,4
52420,5
52430,5
52440,4
52450,4
52460,4
52470,5
52480,3
52490,4
52500,4
52510,4
52520,2
52530,1
52540,1
52550,1
52560,1
52570,1
52580,2
52590,1
52600,0
52610,1
52620,8
52630,4
52640,0
52650,15
52660,8
52670,10
52680,11
52690,8
52700,13
52710,9
52720,2
52730,3
52740,9
52750,10
52760,8
52770,1
52780,0
52790,4
52800,2
52810,3
52820,1
52830,0
52840,10
52850,11
52860,9
52870,13
52880,0
52890,4
52900,2
52910,0
52920,0
52930,1
52940,0
52950,1
52960,14
52970,14
52980,11
52990,13
53000,12
53010,15
53020,13
53030,14
53040,13
53050,13
53060,10
53070,11
53080,8
53090,10
53100,9
53110,12
53120,11
53130,12
53140,12
53150,12
53160,14
53170,13
53180,12
53190,13
53200,14
53210,15
53220,12
53230,12
53240,14
53250,16
53260,16
53270,16
53280,15
53290,13
53300,10
53310,12
53320,13
53330,12
53340,13
53350,11
53360,11
53370,10
53380,9
53390,9
53400,9
53410,10
53420,10
53430,10
53440,9
53450,10
53460,12
53470,11
53480,10
53490,11
53500,11
53510,9
53520,9
53530,9
53540,10
53550,9
53560,9
53570,15
53580,15
53590,15
53600,14
53610,15
53620,17
53630,15
53640,14
53650,15
53660,15
53670,14
53680,16
53690,15
53700,15
53710,14
53720,14
53730,15
53740,14
53750,12
53760,12
53770,11
53780,12
53790,12
53800,11
53810,11
53820,11
53830,12
53840,12
53850,11
53860,12
53870,12
53880,12
53890,13
53900,11
53910,12
53920,10
53930,12
53940,14
53950,14
53960,13
53970,13
53980,11
53990,11
54000,11
54010,13
54020,13
54030,13
54040,12
54050,11
54060,11
54070,14
54080,14
54090,14
54100,14
54110,11
54120,9
54130,9
54140,9
54150,9
54160,8
54170,8
54180,7
54190,8
54200,5
54210,5
54220,5
54230,4
54240,5
54250,6
54260,4
54270,4
54280,4
54290,3
54300,2
54310,2
54320,2
54330,2
54340,2
54350,3
54360,2
54370,2
54380,4
54390,4
54400,5
54410,5
54420,5
54430,7
54440,6
54450,4
54460,4
54470,4
54480,9
54490,9
54500,9
54510,8
54520,8
54530,8
54540,9
54550,8
54560,8
54570,8
54580,8
54590,8
54600,7
54610,8
54620,8
54630,8
54640,8
54650,7
54660,8
54670,7
54680,7
54690,9
54700,8
54710,8
54720,8
54730,9
54740,9
54750,9
54760,8
54770,6
54780,5
54790,6
54800,7
54810,7
54820,5
54830,5
54840,6
54850,10
54860,13
54870,14
54880,14
54890,15
54900,14
54910,12
54920,13
54930,13
54940,14
54950,15
54960,12
54970,15
54980,14
54990,14
55000,14
55010,14
55020,13
55030,14
55040,13
55050,13
55060,14
55070,14
55080,14
55090,12
55100,11
55110,12
55120,13
55130,12
55140,13
55150,12
55160,11
55170,12
55180,12
55190,13
55200,13
55210,12
55220,11
55230,13
55240,11
55250,12
55260,12
55270,11
55280,12
55290,12
55300,10
55310,11
55320,11
55330,12
55340,11
55350,11
55360,13
55370,13
55380,13
55390,12
55400,12
55410,10
55420,10
55430,9
55440,8
55450,9
55460,7
55470,5
55480,6
55490,6
55500,6
55510,6
55520,5
55530,5
55540,3
55550,3
55560,5
55570,4
55580,4
55590,4
55600,5
55610,4
55620,3
55630,4
55640,3
55650,3
55660,3
55670,3
55680,3
55690,4
55700,4
55710,3
55720,4
55730,5
55740,5
55750,6
55760,5
55770,8
55780,5
55790,7
55800,5
55810,9
55820,10
55830,12
55840,12
55850,12
55860,11
55870,12
55880,13
55890,14
55900,16
55910,16
55920,17
55930,18
55940,18
55950,17
55960,15
55970,17
55980,16
55990,14
56000,12
56010,13
56020,11
56030,12
56040,13
56050,12
56060,9
56070,10
56080,8
56090,7
56100,7
56110,6
56120,4
56130,5
56140,6
56150,4
56160,5
56170,5
56180,4
56190,3
56200,2
56210,1
56220,2
56230,2
56240,2
56250,2
56260,2
56270,2
56280,2
56290,2
56300,2
56310,2
56320,2
56330,3
56340,3
56350,3
56360,3
56370,3
56380,3
56390,1
56400,2
56410,2
56420,4
56430,4
56440,6
56450,7
56460,8
56470,8
56480,8
56490,8
56500,9
56510,8
56520,9
56530,9
56540,10
56550,9
56560,10
56570,10
56580,10
56590,10
56600,9
56610,11
56620,12
56630,11
56640,10
56650,11
56660,11
56670,11
56680,10
56690,10
56700,10
56710,11
56720,11
56730,11
56740,9
56750,12
56760,12
56770,10
56780,10
56790,10
56800,10
56810,10
56820,11
56830,12
56840,13
56850,14
56860,16
56870,15
56880,15
56890,14
56900,14
56910,14
56920,16
56930,13
56940,10
56950,9
56960,9
56970,7
56980,7
56990,6
57000,3
57010,3
57020,3
57030,3
57040,3
57050,4
57060,4
57070,3
57080,3
57090,2
57100,2
57110,2
57120,3
57130,3
57140,3
57150,4
57160,4
57170,4
57180,4
57190,4
57200,4
57210,4
57220,4
57230,5
57240,6
57250,7
57260,8
57270,8
57280,7
57290,6
57300,6
57310,6
57320,7
57330,7
57340,7
57350,7
57360,7
57370,7
57380,7
57390,7
57400,7
57410,6
57420,8
57430,9
57440,9
57450,9
57460,10
57470,8
57480,9
57490,9
57500,9
57510,9
57520,9
57530,9
57540,10
57550,11
57560,10
57570,10
57580,11
57590,11
57600,10
57610,9
57620,11
57630,10
57640,11
57650,11
57660,11
57670,12
57680,12
57690,12
57700,12
57710,13
57720,12
57730,11
57740,11
57750,12
57760,10
57770,10
57780,9
57790,11
57800,12
57810,10
57820,8
57830,8
57840,9
57850,9
57860,11
57870,10
57880,10
57890,11
57900,9
57910,9
57920,10
57930,10
57940,10
57950,10
57960,11
57970,11
57980,10
57990,10
58000,11
58010,11
58020,11
58030,11
58040,11
58050,12
58060,10
58070,10
58080,10
58090,10
58100,10
58110,8
58120,8
58130,9
58140,9
58150,8
58160,8
58170,8
58180,7
58190,7
58200,7
58210,8
58220,8
58230,8
58240,8
58250,8
58260,8
58270,8
58280,8
58290,7
58300,7
58310,7
58320,8
58330,8
58340,9
58350,9
58360,9
58370,9
58380,9
58390,10
58400,10
58410,11
58420,11
58430,11
58440,11
58450,10
58460,10
58470,11
58480,11
58490,11
58500,10
58510,10
58520,10
58530,11
58540,10
58550,9
58560,10
58570,11
58580,10
58590,9
58600,9
58610,9
58620,8
58630,9
58640,8
58650,7
58660,7
58670,6
58680,7
58690,5
58700,5
58710,7
58720,9
58730,7
58740,8
58750,8
58760,6
58770,6
58780,5
58790,7
58800,7
58810,8
58820,7
58830,8
58840,9
58850,9
58860,10
58870,10
58880,10
58890,10
58900,11
58910,11
58920,11
58930,9
58940,10
58950,9
58960,11
58970,11
58980,11
58990,11
59000,11
59010,12
59020,9
59030,10
59040,10
59050,13
59060,12
59070,12
59080,11
59090,11
59100,12
59110,14
59120,12
59130,11
59140,13
59150,14
59160,14
59170,14
59180,12
59190,12
59200,10
59210,12
59220,13
59230,12
59240,11
59250,11
59260,12
59270,13
59280,13
59290,11
59300,11
59310,12
59320,12
59330,12
59340,11
59350,11
59360,12
59370,13
59380,14
59390,12
59400,12
59410,12
59420,11
59430,10
59440,10
59450,12
59460,13
59470,11
59480,11
59490,11
59500,12
59510,12
59520,12
59530,12
59540,12
59550,12
59560,13
59570,13
59580,13
59590,13
59600,12
59610,11
59620,11
59630,10
59640,9
59650,9
59660,10
59670,11
59680,11
59690,10
59700,10
59710,10
59720,10
59730,10
59740,9
59750,9
59760,9
59770,9
59780,8
59790,8
59800,8
59810,8
59820,8
59830,9
59840,9
59850,10
59860,9
59870,9
59880,10
59890,11
59900,11
59910,12
59920,14
59930,14
59940,12
59950,11
59960,10
59970,11
59980,10
59990,9
60000,9
60010,8
60020,11
60030,10
60040,9
60050,9
60060,10
60070,9
60080,11
60090,12
60100,12
60110,10
60120,12
60130,13
60140,12
60150,10
60160,9
60170,10
60180,12
60190,12
60200,11
60210,9
60220,9
60230,9
60240,10
60250,9
60260,10
60270,10
60280,11
60290,12
60300,13
60310,12
60320,11
60330,11
60340,10
60350,11
60360,11
60370,12
60380,12
60390,11
60400,12
60410,12
60420,11
60430,11
60440,9
60450,9
60460,9
60470,11
60480,10
60490,12
60500,12
60510,12
60520,11
60530,12
60540,12
60550,11
60560,8
60570,9
60580,9
60590,9
60600,9
60610,10
60620,11
60630,10
60640,10
60650,10
60660,12
60670,12
60680,11
60690,11
60700,11
60710,10
60720,8
60730,8
60740,8
60750,8
60760,8
60770,8
60780,8
60790,8
60800,8
60810,8
60820,8
60830,8
60840,8
60850,8
60860,7
60870,10
60880,9
60890,8
60900,9
60910,9
60920,10
60930,12
60940,10
60950,10
60960,10
60970,11
60980,11
60990,10
61000,10
61010,10
61020,10
61030,10
61040,10
61050,10
61060,9
61070,9
61080,9
61090,9
61100,9
61110,9
61120,9
61130,8
61140,8
61150,8
61160,9
61170,9
61180,10
61190,10
61200,10
61210,10
61220,10
61230,10
61240,11
61250,10
61260,9
61270,10
61280,9
61290,12
61300,11
61310,10
61320,11
61330,11
61340,12
61350,11
61360,10
61370,10
61380,10
61390,10
61400,10
61410,10
61420,11
61430,11
61440,12
61450,11
61460,11
61470,11
61480,11
61490,10
61500,9
61510,10
61520,10
61530,10
61540,10
61550,10
61560,10
61570,9
61580,9
61590,9
61600,9
61610,9
61620,9
61630,9
61640,9
61650,9
61660,7
61670,7
61680,8
61690,9
61700,9
61710,8
61720,10
61730,10
61740,9
61750,12
61760,10
61770,11
61780,11
61790,12
61800,12
61810,12
61820,13
61830,14
61840,13
61850,12
61860,11
61870,12
61880,12
61890,13
61900,12
61910,13
61920,12
61930,14
61940,12
61950,12
61960,12
61970,12
61980,13
61990,14
62000,12
62010,13
62020,13
62030,13
62040,13
62050,12
62060,15
62070,14
62080,13
62090,13
62100,13
62110,15
62120,14
62130,12
62140,14
62150,13
62160,13
62170,12
62180,12
62190,15
62200,14
62210,14
62220,14
62230,12
62240,12
62250,12
62260,12
62270,12
62280,13
62290,12
62300,13
62310,12
62320,12
62330,10
62340,11
62350,12
62360,12
62370,12
62380,13
62390,12
62400,13
62410,15
62420,16
62430,15
62440,13
62450,13
62460,12
62470,13
62480,13
62490,12
62500,12
62510,12
62520,12
62530,12
62540,12
62550,12
62560,13
62570,13
62580,13
62590,14
62600,14
62610,13
62620,12
62630,13
62640,13
62650,14
62660,16
62670,16
62680,14
62690,15
62700,14
62710,13
62720,15
62730,14
62740,12
62750,14
62760,14
62770,14
62780,13
62790,14
62800,13
62810,14
62820,14
62830,12
62840,13
62850,12
62860,12
62870,11
62880,11
62890,10
62900,12
62910,11
62920,11
62930,10
62940,11
62950,12
62960,11
62970,12
62980,12
62990,13
63000,13
63010,13
63020,12
63030,12
63040,11
63050,12
63060,10
63070,11
63080,11
63090,10
63100,10
63110,11
63120,11
63130,11
63140,11
63150,11
63160,11
63170,11
63180,11
63190,11
63200,10
63210,11
63220,11
63230,11
63240,10
63250,11
63260,10
63270,11
63280,11
63290,10
63300,11
63310,11
63320,13
63330,13
63340,11
63350,11
63360,11
63370,11
63380,12
63390,12
63400,13
63410,13
63420,13
63430,13
63440,11
63450,11
63460,12
63470,12
63480,11
63490,14
63500,15
63510,15
63520,12
63530,14
63540,14
63550,13
63560,13
63570,12
63580,12
63590,13
63600,13
63610,13
63620,12
63630,13
63640,12
63650,12
63660,12
63670,13
63680,12
63690,13
63700,13
63710,13
63720,14
63730,14
63740,13
63750,12
63760,13
63770,12
63780,11
63790,13
63800,13
63810,13
63820,13
63830,12
63840,11
63850,10
63860,10
63870,11
63880,12
63890,11
63900,11
63910,9
63920,9
63930,12
63940,9
63950,9
63960,10
63970,11
63980,11
63990,12
64000,12
64010,13
64020,13
64030,14
64040,14
64050,14
64060,14
64070,14
64080,15
64090,13
64100,12
64110,13
64120,13
64130,13
64140,12
64150,13
64160,13
64170,12
64180,10
64190,11
64200,11
64210,10
64220,11
64230,11
64240,11
64250,10
64260,11
64270,10
64280,11
64290,10
64300,10
64310,9
64320,10
64330,10
64340,10
64350,10
64360,9
64370,10
64380,10
64390,9
64400,9
64410,9
64420,9
64430,10
64440,9
64450,9
64460,9
64470,9
64480,9
64490,9
64500,9
64510,10
64520,10
64530,9
64540,9
64550,9
64560,8
64570,9
64580,9
64590,8
64600,8
64610,8
64620,9
64630,8
64640,8
64650,9
64660,9
64670,9
64680,9
64690,9
64700,9
64710,9
64720,9
64730,9
64740,10
64750,9
64760,10
64770,10
64780,11
64790,11
64800,11
64810,10
64820,10
64830,11
64840,10
64850,10
64860,11
64870,11
64880,13
64890,11
64900,13
64910,12
64920,11
64930,12
64940,13
64950,12
64960,12
64970,12
64980,12
64990,12
65000,13
65010,12
65020,13
65030,13
65040,12
65050,13
65060,13
65070,14
65080,13
65090,14
65100,16
65110,15
65120,15
65130,14
65140,13
65150,13
65160,14
65170,17
65180,15
65190,13
65200,13
65210,16
65220,15
65230,15
65240,15
65250,16
65260,17
65270,17
65280,17
65290,17
65300,16
65310,17
65320,16
65330,17
65340,16
65350,16
65360,17
65370,15
65380,18
65390,16
65400,16
65410,16
65420,17
65430,16
65440,17
65450,18
65460,19
65470,20
65480,19
65490,19
65500,19
65510,19
65520,19
65530,16
65540,16
65550,17
65560,17
65570,15
65580,16
65590,15
65600,14
65610,14
65620,15
65630,14
65640,15
65650,15
65660,17
65670,16
65680,14
65690,14
65700,14
65710,13
65720,13
65730,13
65740,14
65750,14
65760,14
65770,13
65780,14
65790,14
65800,14
65810,14
65820,14
65830,14
65840,14
65850,14
65860,15
65870,14
65880,13
65890,13
65900,13
65910,13
65920,13
65930,13
65940,12
65950,12
65960,11
65970,13
65980,14
65990,14
66000,15
66010,15
66020,14
66030,14
66040,15
66050,15
66060,15
66070,15
66080,15
66090,14
66100,13
66110,13
66120,15
66130,14
66140,13
66150,14
66160,15
66170,15
66180,14
66190,14
66200,15
66210,15
66220,14
66230,14
66240,15
66250,15
66260,14
66270,15
66280,15
66290,15
66300,14
66310,15
66320,15
66330,15
66340,15
66350,15
66360,15
66370,15
66380,15
66390,15
66400,15
66410,15
66420,15
66430,14
66440,14
66450,14
66460,14
66470,11
66480,12
66490,12
66500,12
66510,11
66520,11
66530,11
66540,11
66550,11
66560,11
66570,12
66580,12
66590,12
66600,12
66610,12
66620,11
66630,12
66640,12
66650,10
66660,10
66670,13
66680,13
66690,11
66700,11
66710,11
66720,11
66730,12
66740,11
66750,11
66760,13
66770,11
66780,9
66790,9
66800,10
66810,10
66820,10
66830,9
66840,11
66850,12
66860,11
66870,13
66880,12
66890,12
66900,12
66910,13
66920,13
66930,11
66940,12
66950,12
66960,13
66970,13
66980,13
66990,13
67000,13
67010,14
67020,14
67030,14
67040,14
67050,14
67060,13
67070,15
67080,14
67090,16
67100,14
67110,13
67120,13
67130,13
67140,16
67150,15
67160,15
67170,14
67180,14
67190,14
67200,15
67210,17
67220,16
67230,15
67240,17
67250,15
67260,15
67270,14
67280,14
67290,12
67300,11
67310,12
67320,12
67330,13
67340,13
67350,15
67360,11
67370,11
67380,11
67390,11
67400,11
67410,10
67420,10
67430,11
67440,9
67450,10
67460,10
67470,9
67480,9
67490,12
67500,9
67510,10
67520,11
67530,11
67540,11
67550,11
67560,11
67570,11
67580,11
67590,11
67600,10
67610,10
67620,10
67630,10
67640,10
67650,10
67660,10
67670,9
67680,9
67690,9
67700,11
67710,10
67720,9
67730,9
67740,10
67750,10
67760,9
67770,9
67780,9
67790,10
67800,10
67810,10
67820,9
67830,9
67840,10
67850,10
67860,10
67870,10
67880,10
67890,10
67900,10
67910,10
67920,9
67930,8
67940,9
67950,9
67960,9
67970,9
67980,9
67990,9
68000,9
68010,9
68020,9
68030,9
68040,9
68050,9
68060,9
68070,9
68080,9
68090,9
68100,9
68110,8
68120,8
68130,8
68140,8
68150,8
68160,8
68170,8
68180,8
68190,8
68200,8
68210,8
68220,8
68230,8
68240,8
68250,8
68260,8
68270,9
68280,9
68290,9
68300,9
68310,9
68320,9
68330,9
68340,9
68350,9
68360,9
68370,9
68380,9
68390,10
68400,10
68410,9
68420,9
68430,9
68440,10
68450,10
68460,10
68470,10
68480,10
68490,10
68500,10
68510,9
68520,10
68530,10
68540,11
68550,10
68560,10
68570,10
68580,10
68590,10
68600,11
68610,11
68620,11
68630,11
68640,11
68650,11
68660,10
68670,10
68680,10
68690,9
68700,9
68710,9
68720,9
68730,9
68740,10
68750,9
68760,10
68770,10
68780,8
68790,9
68800,10
68810,11
68820,10
68830,9
68840,9
68850,10
68860,11
68870,9
68880,9
68890,9
68900,10
68910,9
68920,9
68930,9
68940,10
68950,9
68960,10
68970,10
68980,10
68990,11
69000,10
69010,9
69020,10
69030,9
69040,9
69050,11
69060,10
69070,10
69080,10
69090,11
69100,10
69110,10
69120,11
69130,11
69140,11
69150,11
69160,10
69170,11
69180,11
69190,12
69200,12
69210,12
69220,12
69230,11
69240,11
69250,11
69260,11
69270,11
69280,12
69290,12
69300,11
69310,11
69320,11
69330,12
69340,12
69350,13
69360,13
69370,13
69380,13
69390,14
69400,13
69410,13
69420,12
69430,12
69440,12
69450,12
69460,12
69470,12
69480,11
69490,11
69500,11
69510,12
69520,13
69530,13
69540,13
69550,15
69560,15
69570,14
69580,13
69590,14
69600,13
69610,14
69620,13
69630,13
69640,12
69650,12
69660,11
69670,11
69680,11
69690,12
69700,12
69710,15
69720,14
69730,14
69740,14
69750,14
69760,13
69770,14
69780,15
69790,14
69800,14
69810,14
69820,14
69830,15
69840,14
69850,14
69860,13
69870,14
69880,14
69890,14
69900,14
69910,14
69920,14
69930,13
69940,15
69950,14
69960,14
69970,14
69980,14
69990,13
70000,13
70010,14
70020,14
70030,13
70040,13
70050,12
70060,13
70070,13
70080,14
70090,12
70100,12
70110,13
70120,13
70130,12
70140,13
70150,14
70160,15
70170,14
70180,13
70190,13
70200,13
70210,15
70220,15
70230,14
70240,14
70250,15
70260,15
70270,13
70280,14
70290,13
70300,13
70310,12
70320,13
70330,14
70340,14
70350,13
70360,13
70370,13
70380,14
70390,14
70400,14
70410,13
70420,12
70430,14
70440,13
70450,13
70460,14
70470,15
70480,14
70490,14
70500,14
70510,13
70520,13
70530,13
70540,13
70550,14
70560,13
70570,14
70580,13
70590,13
70600,14
70610,15
70620,15
70630,15
70640,15
70650,14
70660,13
70670,13
70680,13
70690,13
70700,13
70710,13
70720,14
70730,14
70740,15
70750,13
70760,16
70770,14
70780,14
70790,15
70800,16
70810,15
70820,15
70830,15
70840,16
70850,15
70860,15
70870,15
70880,15
70890,15
70900,15
70910,15
70920,15
70930,15
70940,15
70950,14
70960,13
70970,12
70980,11
70990,12
71000,12
71010,12
71020,12
71030,10
71040,10
71050,11
71060,11
71070,10
71080,10
71090,11
71100,11
71110,10
71120,10
71130,10
71140,10
71150,10
71160,10
71170,11
71180,10
71190,10
71200,10
71210,10
71220,10
71230,10
71240,9
71250,9
71260,9
71270,10
71280,11
71290,11
71300,11
71310,11
71320,11
71330,10
71340,10
71350,10
71360,10
71370,9
71380,8
71390,9
71400,11
71410,11
71420,10
71430,9
71440,10
71450,10
71460,10
71470,9
71480,7
71490,6
71500,6
71510,8
71520,9
71530,9
71540,9
71550,10
71560,11
71570,12
71580,12
71590,11
71600,11
71610,12
71620,12
71630,12
71640,11
71650,13
71660,13
71670,12
71680,12
71690,12
71700,12
71710,14
71720,14
71730,14
71740,14
71750,13
71760,14
71770,15
71780,15
71790,14
71800,14
71810,14
71820,16
71830,16
71840,15
71850,14
71860,15
71870,13
71880,17
71890,16
71900,17
71910,16
71920,17
71930,17
71940,17
71950,17
71960,17
71970,18
71980,17
71990,17
72000,17
72010,17
72020,17
72030,17
72040,16
72050,17
72060,16
72070,17
72080,16
72090,16
72100,16
72110,17
72120,17
72130,17
72140,17
72150,17
72160,17
72170,17
72180,17
72190,16
72200,16
72210,17
72220,16
72230,17
72240,17
72250,19
72260,18
72270,16
72280,15
72290,16
72300,16
72310,15
72320,17
72330,18
72340,16
72350,15
72360,16
72370,17
72380,16
72390,15
72400,15
72410,15
72420,15
72430,16
72440,17
72450,16
72460,15
72470,17
72480,17
72490,14
72500,13
72510,14
72520,16
72530,16
72540,15
72550,14
72560,15
72570,16
72580,14
72590,14
72600,16
72610,16
72620,14
72630,14
72640,15
72650,15
72660,13
72670,15
72680,13
72690,14
72700,13
72710,16
72720,15
72730,12
72740,14
72750,14
72760,17
72770,14
72780,15
72790,15
72800,15
72810,16
72820,16
72830,15
72840,15
72850,16
72860,16
72870,15
72880,15
72890,15
72900,15
72910,16
72920,17
72930,16
72940,17
72950,15
72960,15
72970,16
72980,16
72990,17
73000,15
73010,15
73020,15
73030,15
73040,14
73050,15
73060,15
73070,13
73080,15
73090,17
73100,17
73110,17
73120,15
73130,16
73140,16
73150,15
73160,15
73170,15
73180,15
73190,15
73200,15
73210,17
73220,17
73230,17
73240,17
73250,15
73260,14
73270,15
73280,15
73290,13
73300,12
73310,12
73320,13
73330,13
73340,12
73350,12
73360,11
73370,14
73380,13
73390,12
73400,12
73410,12
73420,11
73430,12
73440,12
73450,12
73460,12
73470,12
73480,11
73490,11
73500,11
73510,11
73520,12
73530,11
73540,11
73550,11
73560,11
73570,10
73580,10
73590,8
73600,10
73610,11
73620,11
73630,11
73640,12
73650,12
73660,12
73670,12
73680,12
73690,12
73700,13
73710,13
73720,14
73730,14
73740,14
73750,14
73760,16
73770,14
73780,17
73790,15
73800,16
73810,15
73820,15
73830,15
73840,15
73850,15
73860,14
73870,14
73880,15
73890,15
73900,15
73910,15
73920,14
73930,15
73940,14
73950,14
73960,13
73970,11
73980,11
73990,11
74000,11
74010,11
74020,12
74030,11
74040,12
74050,10
74060,13
74070,12
74080,13
74090,12
74100,12
74110,10
74120,10
74130,9
74140,10
74150,10
74160,10
74170,11
74180,11
74190,10
74200,9
74210,10
74220,8
74230,7
74240,8
74250,10
74260,9
74270,9
74280,9
74290,8
74300,9
74310,8
74320,7
74330,7
74340,7
74350,8
74360,8
74370,6
74380,7
74390,6
74400,6
74410,7
74420,5
74430,7
74440,7
74450,6
74460,6
74470,8
74480,8
74490,8
74500,8
74510,7
74520,7
74530,7
74540,6
74550,7
74560,6
74570,6
74580,6
74590,5
74600,6
74610,7
74620,5
74630,5
74640,7
74650,6
74660,5
74670,5
74680,5
74690,6
74700,7
74710,5
74720,5
74730,6
74740,6
74750,6
74760,6
74770,6
74780,6
74790,6
74800,6
74810,6
74820,4
74830,5
74840,5
74850,5
74860,5
74870,5
74880,4
74890,5
74900,4
74910,5
74920,4
74930,4
74940,4
74950,5
74960,4
74970,4
74980,7
74990,7
75000,7
75010,7
75020,7
75030,9
75040,9
75050,9
75060,9
75070,9
75080,9
75090,7
75100,7
75110,8
75120,8
75130,8
75140,6
75150,7
75160,8
75170,7
75180,7
75190,7
75200,6
75210,7
75220,7
75230,7
75240,7
75250,5
75260,6
75270,7
75280,7
75290,7
75300,8
75310,7
75320,4
75330,4
75340,4
75350,5
75360,5
75370,6
75380,5
75390,6
75400,6
75410,8
75420,8
75430,8
75440,8
75450,7
75460,7
75470,7
75480,7
75490,7
75500,6
75510,6
75520,7
75530,7
75540,7
75550,8
75560,8
75570,8
75580,10
75590,8
75600,8
75610,9
75620,9
75630,8
75640,9
75650,10
75660,9
75670,9
75680,9
75690,7
75700,8
75710,8
75720,8
75730,9
75740,8
75750,9
75760,8
75770,9
75780,9
75790,9
75800,9
75810,9
75820,8
75830,8
75840,8
75850,8
75860,9
75870,8
75880,8
75890,7
75900,9
75910,8
75920,10
75930,10
75940,9
75950,10
75960,10
75970,10
75980,11
75990,11
76000,11
76010,11
76020,11
76030,11
76040,12
76050,11
76060,11
76070,13
76080,12
76090,12
76100,12
76110,12
76120,12
76130,12
76140,12
76150,12
76160,12
76170,12
76180,13
76190,12
76200,12
76210,13
76220,13
76230,13
76240,14
76250,14
76260,14
76270,13
76280,14
76290,15
76300,14
76310,15
76320,15
76330,14
76340,14
76350,14
76360,16
76370,15
76380,14
76390,13
76400,16
76410,14
76420,14
76430,14
76440,14
76450,13
76460,13
76470,13
76480,13
76490,14
76500,14
76510,14
76520,14
76530,14
76540,14
76550,15
76560,15
76570,15
76580,16
76590,14
76600,12
76610,13
76620,16
76630,15
76640,15
76650,16
76660,15
76670,17
76680,15
76690,15
76700,14
76710,13
76720,13
76730,13
76740,14
76750,13
76760,14
76770,14
76780,14
76790,14
76800,15
76810,13
76820,12
76830,11
76840,11
76850,12
76860,13
76870,13
76880,14
76890,15
76900,16
76910,16
76920,14
76930,14
76940,15
76950,15
76960,15
76970,16
76980,16
76990,14
77000,15
77010,16
77020,17
77030,16
77040,16
77050,17
77060,15
77070,16
77080,16
77090,16
77100,16
77110,16
77120,15
77130,16
77140,15
77150,13
77160,14
77170,14
77180,13
77190,14
77200,15
77210,13
77220,14
77230,13
77240,12
77250,13
77260,13
77270,13
77280,13
77290,12
77300,12
77310,13
77320,15
77330,14
77340,14
77350,14
77360,14
77370,15
77380,15
77390,14
77400,15
77410,15
77420,15
77430,15
77440,14
77450,14
77460,15
77470,15
77480,16
77490,14
77500,14
77510,14
77520,14
77530,15
77540,15
77550,15
77560,16
77570,17
77580,16
77590,14
77600,12
77610,13
77620,16
77630,15
77640,15
77650,14
77660,15
77670,16
77680,16
77690,17
77700,17
77710,16
77720,17
77730,18
77740,18
77750,15
77760,14
77770,15
77780,13
77790,14
77800,14
77810,15
77820,16
77830,15
77840,14
77850,15
77860,15
77870,16
77880,18
77890,19
77900,16
77910,15
77920,17
77930,17
77940,17
77950,18
77960,18
77970,19
77980,18
77990,16
78000,16
78010,15
78020,13
78030,13
78040,14
78050,13
78060,14
78070,12
78080,13
78090,13
78100,13
78110,12
78120,12
78130,11
78140,12
78150,14
78160,15
78170,14
78180,14
78190,14
78200,16
78210,16
78220,16
78230,17
78240,18
78250,16
78260,15
78270,15
78280,16
78290,17
78300,16
78310,14
78320,16
78330,17
78340,16
78350,16
78360,16
78370,17
78380,17
78390,18
78400,18
78410,17
78420,17
78430,17
78440,17
78450,18
78460,16
78470,17
78480,16
78490,15
78500,15
78510,15
78520,14
78530,14
78540,14
78550,15
78560,15
78570,15
78580,15
78590,14
78600,14
78610,14
78620,16
78630,16
78640,13
78650,14
78660,12
78670,12
78680,13
78690,13
78700,14
78710,12
78720,12
78730,13
78740,12
78750,11
78760,12
78770,12
78780,12
78790,12
78800,11
78810,11
78820,11
78830,11
78840,10
78850,10
78860,10
78870,10
78880,10
78890,10
78900,11
78910,11
78920,11
78930,13
78940,13
78950,13
78960,13
78970,14
78980,14
78990,15
79000,14
79010,14
79020,14
79030,14
79040,13
79050,11
79060,10
79070,8
79080,8
79090,8
79100,8
79110,8
79120,8
79130,8
79140,6
79150,3
79160,3
79170,0
79180,1
79190,0
79200,2
79210,1
79220,1
79230,3
79240,7
79250,7
79260,2
79270,2
79280,5
79290,6
79300,6
79310,6
79320,8
79330,8
79340,9
79350,10
79360,9
79370,10
79380,7
79390,4
79400,4
79410,6
79420,8
79430,8
79440,7
79450,8
79460,7
79470,5
79480,5
79490,3
79500,2
79510,1
79520,1
79530,0
79540,5
79550,0
79560,1
79570,7
79580,9
79590,9
79600,7
79610,12
79620,10
79630,7
79640,6
79650,7
79660,8
79670,6
79680,5
79690,5
79700,6
79710,10
79720,12
79730,12
79740,11
79750,12
79760,13
79770,11
79780,12
79790,13
79800,10
79810,11
79820,12
79830,13
79840,12
79850,13
79860,13
79870,11
79880,10
79890,10
79900,15
79910,14
79920,13
79930,13
79940,15
79950,17
79960,16
79970,17
79980,17
79990,15
80000,14
80010,15
80020,12
80030,11
80040,10
80050,10
80060,7
80070,5
80080,5
80090,5
80100,3
80110,2
80120,1
80130,1
80140,1
80150,1
80160,0
80170,11
80180,9
80190,11
80200,9
80210,10
80220,9
80230,13
80240,11
80250,11
80260,9
80270,9
80280,10
80290,7
80300,6
80310,4
80320,5
80330,2
80340,1
80350,1
80360,1
80370,0
80380,9
80390,7
80400,5
80410,2
80420,3
80430,3
80440,2
80450,1
80460,3
80470,2
80480,1
80490,1
80500,1
80510,1
80520,1
80530,1
80540,1
80550,1
80560,1
80570,1
80580,1
80590,1
80600,1
80610,1
80620,1
80630,1
80640,1
80650,1
80660,1
80670,1
80680,1
80690,1
80700,0
80710,12
80720,11
80730,12
80740,9
80750,10
80760,8
80770,3
80780,3
80790,3
80800,3
80810,1
80820,0
80830,2
80840,1
80850,0
80860,10
80870,13
80880,11
80890,9
80900,4
80910,0
80920,1
80930,0
80940,12
80950,8
80960,0
80970,5
80980,0
80990,10
81000,4
81010,0
81020,3
81030,7
81040,12
81050,13
81060,12
81070,11
81080,10
81090,15
81100,12
81110,11
81120,12
81130,12
81140,11
81150,12
81160,10
81170,10
81180,10
81190,11
81200,8
81210,7
81220,8
81230,9
81240,7
81250,6
81260,7
81270,8
81280,9
81290,7
81300,8
81310,9
81320,8
81330,7
81340,7
81350,7
81360,8
81370,9
81380,7
81390,8
81400,6
81410,7
81420,8
81430,9
81440,9
81450,9
81460,9
81470,10
81480,10
81490,11
81500,10
81510,12
81520,11
81530,11
81540,10
81550,11
81560,10
81570,11
81580,10
81590,10
81600,10
81610,8
81620,8
81630,9
81640,8
81650,7
81660,6
81670,7
81680,7
81690,5
81700,4
81710,4
81720,5
81730,5
81740,6
81750,7
81760,7
81770,7
81780,7
81790,6
81800,6
81810,7
81820,7
81830,7
81840,7
81850,5
81860,5
81870,5
81880,6
81890,5
81900,4
81910,4
81920,4
81930,2
81940,3
81950,3
81960,3
81970,2
81980,2
81990,2
82000,2
82010,3
82020,1
82030,2
82040,1
82050,1
82060,2
82070,2
82080,2
82090,1
82100,1
82110,1
82120,1
82130,2
82140,3
82150,2
82160,2
82170,2
82180,2
82190,3
82200,2
82210,2
82220,2
82230,4
82240,4
82250,4
82260,4
82270,4
82280,4
82290,5
82300,5
82310,5
82320,5
82330,5
82340,6
82350,6
82360,6
82370,6
82380,6
82390,6
82400,6
82410,8
82420,6
82430,6
82440,7
82450,6
82460,5
82470,5
82480,5
82490,6
82500,6
82510,6
82520,5
82530,6
82540,6
82550,7
82560,6
82570,6
82580,6
82590,6
82600,6
82610,5
82620,4
82630,6
82640,6
82650,6
82660,6
82670,5
82680,4
82690,6
82700,5
82710,6
82720,6
82730,5
82740,5
82750,5
82760,5
82770,5
82780,5
82790,5
82800,5
82810,4
82820,4
82830,4
82840,4
82850,4
82860,5
82870,5
82880,5
82890,5
82900,5
82910,5
82920,5
82930,4
82940,4
82950,4
82960,4
82970,4
82980,4
82990,4
83000,4
83010,4
83020,5
83030,4
83040,5
83050,5
83060,5
83070,5
83080,5
83090,5
83100,5
83110,5
83120,5
83130,3
83140,4
83150,4
83160,5
83170,4
83180,4
83190,5
83200,5
83210,5
83220,5
83230,5
83240,5
83250,5
83260,5
83270,5
83280,5
83290,5
83300,4
83310,3
83320,3
83330,3
83340,2
83350,2
83360,2
83370,3
83380,3
83390,2
83400,2
83410,2
83420,2
83430,3
83440,3
83450,3
83460,2
83470,2
83480,2
83490,3
83500,3
83510,3
83520,3
83530,3
83540,3
83550,3
83560,3
83570,4
83580,4
83590,4
83600,4
83610,4
83620,4
83630,4
83640,4
83650,4
83660,3
83670,3
83680,3
83690,4
83700,4
83710,4
83720,4
83730,3
83740,4
83750,4
83760,4
83770,4
83780,4
83790,5
83800,5
83810,5
83820,7
83830,5
83840,7
83850,7
83860,6
83870,6
83880,7
83890,7
83900,7
83910,6
83920,8
83930,7
83940,7
83950,6
83960,7
83970,6
83980,6
83990,5
84000,7
84010,8
84020,7
84030,6
84040,6
84050,5
84060,5
84070,5
84080,5
84090,5
84100,5
84110,5
84120,3
84130,3
84140,4
84150,4
84160,3
84170,2
84180,2
84190,2
84200,2
84210,2
84220,2
84230,2
84240,2
84250,2
84260,2
84270,2
84280,2
84290,2
84300,2
84310,2
84320,3
84330,2
84340,2
84350,2
84360,2
84370,3
84380,3
84390,3
84400,3
84410,4
84420,4
84430,4
84440,4
84450,5
84460,5
84470,5
84480,6
84490,5
84500,5
84510,5
84520,5
84530,4
84540,4
84550,4
84560,5
84570,5
84580,6
84590,6
84600,6
84610,4
84620,5
84630,4
84640,4
84650,4
84660,6
84670,4
84680,3
84690,3
84700,3
84710,3
84720,2
84730,2
84740,1
84750,1
84760,1
84770,1
84780,2
84790,1
84800,1
84810,1
84820,1
84830,1
84840,1
84850,1
84860,1
84870,1
84880,1
84890,1
84900,1
84910,1
84920,1
84930,1
84940,1
84950,1
84960,1
84970,1
84980,1
84990,1
85000,1
85010,1
85020,1
85030,1
85040,1
85050,1
85060,1
85070,0
85080,12
85090,10
85100,8
85110,3
85120,3
85130,3
85140,3
85150,3
85160,3
85170,3
85180,3
85190,3
85200,3
85210,3
85220,4
85230,4
85240,4
85250,4
85260,4
85270,6
85280,9
85290,8
85300,8
85310,8
85320,7
85330,6
85340,6
85350,5
85360,6
85370,6
85380,6
85390,7
85400,7
85410,5
85420,4
85430,4
85440,4
85450,4
85460,4
85470,4
85480,4
85490,5
85500,5
85510,5
85520,5
85530,4
85540,4
85550,4
85560,4
85570,4
85580,3
85590,3
85600,4
85610,4
85620,4
85630,3
85640,5
85650,4
85660,5
85670,4
85680,5
85690,4
85700,5
85710,3
85720,3
85730,3
85740,2
85750,2
85760,2
85770,1
85780,1
85790,0
85800,4
85810,14
85820,12
85830,12
85840,9
85850,12
85860,13
85870,12
85880,12
85890,13
85900,13
85910,13
85920,14
85930,14
85940,11
85950,13
85960,12
85970,13
85980,13
85990,13
86000,12
86010,13
86020,13
86030,14
86040,11
86050,12
