frame_no,insta_track_absolute_rotation,insta_atom_no_0_absolute_rotation,insta_atom_no_1_absolute_rotation,insta_atom_no_2_absolute_rotation,insta_atom_no_3_absolute_rotation,insta_atom_no_4_absolute_rotation,insta_atom_no_5_absolute_rotation,insta_atom_no_6_absolute_rotation,insta_atom_no_7_absolute_rotation,insta_atom_no_8_absolute_rotation,insta_atom_no_9_absolute_rotation,insta_atom_no_10_absolute_rotation,insta_atom_no_11_absolute_rotation,insta_atom_no_12_absolute_rotation,insta_atom_no_13_absolute_rotation,insta_atom_no_14_absolute_rotation,insta_atom_no_15_absolute_rotation,insta_atom_no_16_absolute_rotation,insta_atom_no_17_absolute_rotation,insta_atom_no_18_absolute_rotation,insta_atom_no_19_absolute_rotation,insta_atom_no_20_absolute_rotation,insta_atom_no_21_absolute_rotation,insta_atom_no_22_absolute_rotation,insta_atom_no_23_absolute_rotation,insta_atom_no_24_absolute_rotation,insta_atom_no_25_absolute_rotation,insta_atom_no_26_absolute_rotation,insta_atom_no_27_absolute_rotation,insta_atom_no_28_absolute_rotation,insta_atom_no_29_absolute_rotation,insta_atom_no_30_absolute_rotation,insta_atom_no_31_absolute_rotation,insta_atom_no_32_absolute_rotation,insta_atom_no_33_absolute_rotation,insta_atom_no_34_absolute_rotation,insta_atom_no_35_absolute_rotation,insta_atom_no_36_absolute_rotation,insta_atom_no_37_absolute_rotation,insta_atom_no_38_absolute_rotation,insta_atom_no_39_absolute_rotation,insta_atom_no_40_absolute_rotation,insta_atom_no_41_absolute_rotation,insta_atom_no_42_absolute_rotation,insta_atom_no_43_absolute_rotation,insta_atom_no_44_absolute_rotation,insta_atom_no_45_absolute_rotation,insta_atom_no_46_absolute_rotation,insta_atom_no_47_absolute_rotation,insta_atom_no_48_absolute_rotation,insta_atom_no_49_absolute_rotation,insta_atom_no_50_absolute_rotation,insta_atom_no_51_absolute_rotation,insta_atom_no_52_absolute_rotation,insta_atom_no_53_absolute_rotation,insta_atom_no_54_absolute_rotation,insta_atom_no_55_absolute_rotation,insta_atom_no_56_absolute_rotation,insta_atom_no_57_absolute_rotation,insta_atom_no_58_absolute_rotation,insta_atom_no_59_absolute_rotation,insta_atom_no_60_absolute_rotation,insta_atom_no_61_absolute_rotation,insta_atom_no_62_absolute_rotation,insta_atom_no_63_absolute_rotation,insta_atom_no_64_absolute_rotation,insta_atom_no_65_absolute_rotation,insta_atom_no_66_absolute_rotation,insta_atom_no_67_absolute_rotation,insta_atom_no_68_absolute_rotation,insta_atom_no_69_absolute_rotation,insta_atom_no_70_absolute_rotation,insta_atom_no_71_absolute_rotation,insta_ring_relative_rotation,net_ring_relative_rotation
30,-0.4456748720338067,0.3165702438481407,0.25949586643098715,1.3511904149011855,-0.754526232731359,-2.888376421563374,-0.16441903964899443,0.6664638162114327,0.8734864831335871,1.629790003922252,1.1106161710446352,-1.458097137407497,-1.0461692662753501,0.3202859010691585,-1.2423214584390065,-0.25991962130885715,-0.8948005581276676,-0.4445324517256135,4.280457775262205,0.4522781556507396,0.024665465389994836,-0.026903256290119863,-2.3928161813309012,-3.2742862144601332,-1.3528538815018576,-0.07226380842102342,0.8473020247575765,0.609730440051463,0.11009897556742734,1.4083012634842325,0.5588085137213613,-2.928307024917424,0.19667668054617235,0.616754051186903,1.2200472343389979,2.485272861957207,-0.8756331670226899,1.4917030104265623,0.5334023041121145,-1.108492209624667,-0.27503547641546544,-1.2884804082322354,-1.4121826562899995,-0.9191130864184465,3.2964833258729103,1.6194180344925784,0.9822637328697773,-1.889637298229541,-3.634277756485551,-3.5182025396575547,-5.032167173045613,-2.3447634421112706,-1.6184616535376515,-1.725312256543029,1.2273356368304034,-1.8929536033515966,-2.387187697009414,-0.41922998425319996,-0.10574756187210999,-2.047489327430251,0.9953178271840653,-0.32714727450127024,1.9048346417782769,-0.023847272256640722,2.1669135586584423,0.8087331736599835,-0.9370962874235549,-0.33646097489371685,1.341001863616728,-0.6475271940766038,0.18826710793359006,0.6241313013673924,-1.021514383048724,0.18914076958100823,0.18914076958100823
70,-0.7873610745032429,-0.10659407366378204,-0.21130615541723888,0.8046441658260851,0.01341729184363576,1.255727047795728,-0.7715993257866839,-0.8584391005129995,-1.9406691313709943,-1.7812910588512028,-0.48246416103882384,0.6176987166769311,0.1992706950382461,-1.4674732285244954,0.971224173645042,-2.3420189292835754,1.029455521488638,0.05528140628453135,-4.465057187592303,0.4867295857465297,1.7119196742785991,-0.40518348463085213,0.5822785958040745,2.6071278951112244,1.8110344734606119,-0.07505381432627271,-1.1812704296744545,0.40135326841132624,1.5817529635265661,-0.19214249802353267,2.7491363218141114,4.5109814994415585,1.7734192759508864,-2.483336449544768,-0.003678973550386539,-1.2695246900853,0.9671867778739838,0.7868773793715554,1.9246682306461476,1.0520982438815316,0.9415899886561113,1.9573798459848484,0.09907604834999513,0.7280991634584548,-5.4088485799662,0.7159587931812477,1.315652149363495,-1.2793778617446798,1.1551869465369102,-0.8309602164426545,-2.9721606278994224,-1.1744406779781784,-1.931492638167069,0.0004852642416361388,-4.016619200621185,-0.7459682457433799,-1.3739553686502028,-1.7063509474787044,-0.5941490975988952,-1.281623383579994,-1.0619037303690142,0.7961653739870922,1.0622419143247894,0.39362082091827066,-1.4210891908930485,0.3651898387216403,0.5714462144982012,-0.20575666781009497,0.8298122056051012,6.415068792365282,0.47434662472317696,-2.2091375663254866,1.6253450968033785,0.7747084577322887,0.9638492273132969
110,1.452664256208425,0.3957570398543143,0.9751944509418493,-0.7289975588394056,0.2993854513842384,1.2435029588832953,-0.45788993044853565,2.373377638895068,3.4268830286825285,1.2778449104255158,-2.685169095322987,0.5185797203513649,-0.7843940320857155,0.38374542872190154,-2.1307555904794455,-0.9558522201236823,-0.7837956651522279,-0.12087376960262619,0.17712783480547764,-0.9028478432433825,-1.5648566498974608,1.2963804197269397,1.2622739407945849,3.3288725808651702,0.14301398139356583,0.7981165538193261,1.7948977693179593,0.36297445560650893,1.5630759266231071,-0.747145343430898,-1.8957183576056869,-1.523264013197874,-2.4645444298653336,-4.151879452716392,-0.12945241847961558,-0.5294961360928092,-0.10872310830063915,0.7899298542191427,1.6443422209416572,5.173807525294148,0.29799481302427744,-4.5651516698275225,1.340316406050221,1.4063638223455721,1.1574819152879923,-0.9791452377024188,0.06979846003771574,-1.3239432076330293,0.8409335181959382,-0.5210749391136295,4.3473053026291995,-0.6333022005032897,-2.0831534480312666,-2.023068351434513,-0.7739814710284241,-2.0477969314098967,-0.1537204235670853,0.395657038199793,0.3166983086743206,3.4598125053157447,-0.3689667219699516,-1.6662400459612972,-1.7807667943665584,-1.052920509016059,-1.8521069851886343,0.3621654614650053,1.457079526412939,2.652755475302528,0.8157871131762675,1.0698233636591277,0.6903711077644972,0.02397233786223369,2.3345029729041546,-1.344651636927635,-0.380802409614338
120,0.06210554048338638,0.029912949797717713,0.009941079059284541,0.9696497885998401,-0.23602334913915335,-0.38956994044401394,0.39545345844202345,0.47098565831690276,3.077979029522175,-0.35936652360987004,3.628321418786639,-0.8999662856897621,-1.2046914392487549,-0.18010782446494605,1.1125278600848534,-0.4538802086788691,-0.7938253196310178,0.5292793883649216,-1.6662716641472108,-0.008840474416629178,-0.09040163728847385,-0.83183240521501,-1.9114217506460025,-2.4733351736606584,0.25440384290219537,-0.5650228543124455,1.8580566362327224,0.8465123807212078,2.075847848596175,0.37107886576418486,0.04688207293955684,-0.653433933421141,0.7707759813732853,-1.483641804742206,0.48582668588834393,1.1910850323861155,-0.4772808654279344,0.3520917935691544,-0.35913864430260056,0.10179840177160925,1.414760401086324,2.708505951238251,-1.3053466714176867,0.8131068677462203,2.786230729988987,-0.062695411827881,1.4277031520906613,-0.7280072471483496,-1.1908021146194907,-0.34760346197547176,-0.08028023275374882,-0.21038403611667741,0.2812602537698719,-0.5410824198303109,-0.15343368964336873,0.2935454769058952,-2.344694658537378,-0.0658770336978606,-0.61816208408912,-1.9335291723558057,0.6390993237538733,-0.29789093370222525,-1.4390640782234692,0.37699643585347575,0.4548033093787038,-0.6698732946824738,0.28661575013029883,-0.6997941386172183,0.2559608388217939,-0.06357912838360112,0.08321614010555445,0.7137647852614075,-1.0141983677088924,-0.030027355546823932,-0.41082976516116193
180,2.5237635894568657,0.014451435669436193,-1.0060281622594853,-5.289984377458907,-0.3212218165676235,-1.823828008322981,0.9546026978626205,1.9264522923425973,1.2556130455407202,-0.33586067382995466,0.04996251527572594,-2.22698870017558,-1.5175455639742377,-8.293737923871435,-0.9610430479033496,0.9852932275270132,0.13064712461256,-1.2747135553432771,0.11662570082967565,-1.5698200966678353,0.11487850871513686,-0.4964011418897755,1.627934752207376,-0.34988625926001865,-1.261664642415389,-1.2710529621748443,-3.0252465331336023,-2.1769537715443863,-3.2822026165421394,0.1627700444358466,-0.9495154610391141,1.118400251651183,1.1047270903481852,2.4153443089320743,0.5349816765429434,2.2365309550148726,-1.4683734393397356,-0.29593010282177423,0.7033549340647014,-6.70509832700683,1.3495729080301733,6.405759510672008,2.4940419068307893,1.255505841770505,1.92151973236977,2.467842820379122,2.499554285484387,-2.3818294944526146,-6.761116358654794,-1.0794665733149147,-1.1365437545801236,1.7102679478918639,2.383318770744282,2.001087633297889,-4.854657166694505,0.4017659460117323,1.8824528531934102,-1.1968124260897492,-2.3735250912098746,-1.4022628359183127,-0.4871620367968601,-2.2670538030156786,-6.002606583389563,-1.5741284750650837,0.09614847264649595,1.267689033490949,2.0036164995950685,-0.5414329894628679,-0.03565992225182534,-0.23353411237601174,-0.044951330334118744,1.8047184524197932,0.8629876442636016,-2.9406444132969307,-3.351474178458093
250,1.8516979697954064,-0.9500381208221373,2.729575223665687,3.6365419322394996,1.0084942852156789,-0.5515572910490414,2.12743027039885,3.2608434547747502,0.49170831970817824,1.4877722908588524,-9.004115821363438,2.0087106586163883,1.2595221645047672,0.9377374788327476,2.5375028328668505,-4.078939700502709,2.1654114460843443,0.6486920156020689,0.05661316044184202,0.7980867110217402,-4.749278921782452,0.3882369785681498,-0.16468694219926688,-4.270645459342353,-0.6267897298252221,-3.6808949648759435,-4.589912647546633,-5.59814721782438,-4.4108874560582825,-1.8780496964226463,0.930876105750398,-1.4596678290873712,0.8764621371861202,3.655775315017572,-0.3965070327539348,-2.2424960091268824,5.777964300764256,0.5103626772978735,1.6316250100510834,5.71708312619264,2.918370772956301,-2.545611818005778,3.21047947675868,-0.8934794167926714,-4.532405833370402,1.0567400471656208,-1.3071349704224953,2.555144255624393,2.043459313770309,5.688284256441616,8.291085541807952,3.286498388972142,2.2448559226449634,2.4594768316516693,6.0881887748084305,0.2915500256117553,-4.195156649030691,1.6346014518890648,1.60160014543638,-0.4762530298706251,0.5618727196450631,1.0790428470322238,0.48220818319438813,-0.5407699668720248,-11.11799605963734,-1.0428019577456185,-0.9799277776000064,5.622151386354395,0.13437030348247378,-3.0386800306943296,-1.053372840935569,-5.5670295307274,0.34254394033654056,-1.7087491120321139,-5.060223290490207
8650,-23.257193291446022,-5.898539841096874,-7.414562449595759,-8.799249009553183,-1.7892304745721856,8.376248144362267,-0.5905675483967071,-9.533653602751448,-13.834003686472743,-8.56557682353854,-10.267805560116253,-4.215903851667434,1.4095786429229293,30.614482885275823,-17.615856641699054,-31.130084112957444,-13.723612549217886,-8.812215141681186,-9.82674144549702,-6.980442325180506,-9.675930766509788,-17.544222831152766,-24.79586703829744,-16.32709119100365,-13.610948707628719,-17.047214452020693,-25.8773589830659,-13.314755495480524,-15.876467918314503,-9.650627197754037,-9.183782050259671,-2.014011470056744,-12.236233634211134,-11.94802769936109,-5.752021534514221,0.44493169631276575,-5.72368786741755,-2.592902552600682,3.2401510758920775,6.385233586660506,2.0524041924767613,13.290954924028474,-3.039299351340393,-3.1080649373485185,-0.6676962679428504,-7.529631320625631,-5.493711302347408,-5.727315886669,-5.90186012588173,-12.499009875979562,-7.778797149663317,-12.22588900326121,-5.248250547300905,-10.336348506269664,-9.914024757564896,-6.663164814976678,-4.351143688326849,-12.378450012076783,-11.046029370852917,-13.157239230182466,-13.972969567377094,-16.27494651692511,-15.24971435969738,-12.43918401070169,-10.248567625543307,-10.045975354831713,-8.722278532603374,-10.159572367841324,-9.913898969874646,-7.9064695082345855,-7.56708227750979,-10.575451753895964,-6.607827099432908,15.15851168868503,10.098288398194823
9910,-4.531902167964543,-6.647243752743071,-5.077442226656174,-7.456049125523124,-11.048555749108704,-16.794593335814618,-13.51265657540126,-13.502065423074757,-13.33780520010922,-9.841962591402382,-9.87252650472238,-18.403601132585408,-20.837830976815848,-20.665902095586894,-16.922300475653245,-19.042564490966743,-16.260686558342613,-15.133623435803884,-9.247173918629649,-16.894093697601935,-9.352000922181977,-14.083786171252365,-11.95713613435253,-10.414679453760865,-13.953290525664839,-14.390889295884008,-15.61950153119916,-12.795072860841765,-13.557084413454824,-11.100106555331902,-13.038819624036766,-17.714188317277,-14.700151387229432,-15.99935953588789,-10.896011200572572,-12.904299876295127,-8.92203313949418,-11.957029398600286,-10.84987105988182,-9.891329288154678,-12.799126673563299,-12.367953984357577,-13.273574558397913,-11.31719993186302,-13.786591765149023,-11.705619631702577,-13.95692441157108,-13.931991426484986,-10.45376632748603,-14.017726219373346,-17.003275796225303,-13.46529890800737,-14.727739832294871,-11.311340087784565,-7.249867652228492,-13.427635080722016,-10.50184811526463,-14.464789148356386,-13.248039774894186,-10.914258606911746,-13.032427319574973,-9.707570723564396,-12.644572751684438,-11.550642259386775,-9.932489446112992,-10.976749991175122,-13.26652897484517,-1.7416710276443053,-18.15376287736466,-25.01861579752719,-6.741186625695893,-6.086837153345615,-6.527023591897799,-8.161152893568147,1.937135504626676
10360,-3.5485738088593584,-9.466036204338206,-9.458697151843102,-11.848674172002452,0.9224773809747758,12.484362259196613,2.139433688547744,-0.728886689565884,0.1873597673764298,-4.064882372773243,0.32783592361085445,3.2659410363689307,8.711470137811821,15.266654146113876,-0.3632596258054047,4.190346376753597,-9.269554369832797,-8.419843419050787,-14.377718234303158,-0.7766197245348219,-2.2016106981156915,-14.196891193466417,-17.51492474620794,-17.817560174248936,-11.935199502501744,-14.125108169358096,-14.215322168029243,-13.246451610317509,-16.673333946635065,-7.346740610312198,3.552885971825645,12.529585236750519,-6.6034812278345,-7.206285699676399,-8.235276549650807,-6.145182730414769,-11.111332915928903,-9.630526935290412,-14.177452810733476,-14.065652182029037,-15.680846052712026,-7.105240248882195,-8.772239066890753,-6.367956282361439,-1.7866498631683507,-5.614205531884914,-4.08229088019842,-0.7747973247032932,-6.72174440316243,2.6096835770629827,6.452785259819912,1.571994139683644,-2.812357989036566,0.18162648953900798,-0.9753845622431293,-2.288678447227285,0.8101633796357608,-2.267831064144002,-3.8095807292164956,-4.675417747251225,-4.646841392635781,-5.848882976495905,-1.8908004111696708,-7.787147797898779,-3.570513416623018,-11.53105823806375,-11.223744217328138,-23.686981951786297,-6.8901149538480295,-4.631751031310413,-12.67863789513112,-10.142975777599732,-13.680434044888221,-1.8953568211627303,0.041778683463945754
10880,-14.711131117452107,-5.3621578721616,-6.014031051345977,-5.434466360602972,-5.916137605842674,-8.1741266256848,-3.5104010545857087,-7.903448112647613,-18.475839843420868,-8.473446343967842,-13.298273731096128,-0.14881137142536816,-11.424099570620221,-22.52352631220242,-7.605908945787381,-14.890391352036094,-3.876226640610724,4.136704668516405,4.351400831028784,8.226988685573819,16.502872580815364,-10.142664189954543,-13.638337868889044,-12.169859931798493,-6.845110283969757,-3.531846247459217,-4.020011783096764,-0.20124971062299365,4.917699658110453,-3.526411083520023,-8.484601832715924,-7.31842135697701,-8.701155795485203,-13.10846781153256,-2.398519329839013,-1.1521438163102218,-4.9290838686436755,-2.308896308461489,2.701254871334636,0.9211893398772535,6.040212927450478,9.173041579842094,-1.618623289535978,-12.461910640784744,-18.2002111261107,-10.138425717064663,-19.0571120658239,1.3055354317015742,6.2510224536782255,-0.4956055615581736,0.6495356058592738,-0.29694288621338427,-3.3915152261847683,1.7084230988700415,1.4481617054302076,-0.42340737016123353,-2.9414851676157294,0.019485618562800802,2.954247074171458,-4.388266332089592,-1.8155999838672592,-6.635271099915251,-8.58375281417023,-5.544560339786222,-8.412639167739588,-4.042764447070645,0.32803828408782804,1.5497001145188882,2.0436864377524704,3.447831905873213,-2.3480498897719646,-0.20198432542808817,-3.002159872853322,10.810695999896488,10.852474683360434
10970,1.012873832023422,-1.5618037813086154,-2.354144111616871,-3.7732571652927773,-0.18282375947709847,-1.1909926082991231,-0.15445010661824518,0.4700788180219735,-0.32900792354592534,-0.8831324020462809,-1.2556019950116266,3.820917784781583,5.079082320874216,6.254658462802611,0.16524656572922686,-7.258544102011155,-0.16274962278838861,2.492206817242606,4.419220559720981,0.552337759906464,-0.4274508741473885,-2.1641859880925685,-1.9258375537968477,-2.5089225098918853,-3.347939619088622,-4.6474551708762695,-3.986249659895735,-1.0025091787817608,-2.518749026127819,0.19835924157596296,-2.022303286791509,-6.745949915403241,-1.7940751144578677,3.05378076711474,1.8886424285420635,4.563063145518474,6.397104976163585,-3.2087307228127315,-4.018202563066152,-2.4081756317592125,-0.3257428568807495,2.3811344027595966,2.0113132963074394,1.7074178147822507,3.6486370054318082,-1.8508775387870129,0.8965212853759709,-1.926665996844907,-4.81011235370079,-1.6724939883459706,0.5305307787507039,-2.1344249389255836,0.6107837772898683,-3.518274800384838,-3.4613161686249914,-3.83535528487034,-3.9060449529771275,-0.1800031506993332,-0.8953825231492629,1.1041327760938944,1.5069826765623484,-2.414371532799563,-6.581960107157993,-3.5610366838166163,-6.24078028620434,-0.6382490004656529,1.1242042636929197,3.841401277233011,3.6066130079878564,4.93894327309058,-2.6156010259460314,-4.530422941136209,-1.711775866507982,-1.7264963474106205,9.125978335949814
11130,18.95382505278696,0.5747184957185545,2.5191940029545505,5.698805664434879,1.3811736741089997,1.7816072031920538,-1.6226678870521283,-3.3158932408353885,0.5138029326848711,0.09980638372442116,1.6439581767336517,-6.029089732779686,-7.08903713951139,0.014405691095518255,-13.76231591779027,-17.5278521162665,-8.162891532661783,-3.5105420507177403,-3.5344669851384003,-3.0843837850988787,3.2136153172155697,-2.2064659959623425,-0.9114177175136072,0.1395661190188888,1.0015773579010245,4.567938607743399,-4.242218291006955,3.170825814446804,-0.9727612430639138,0.3642624493939974,1.075300825891513,-2.0356264520305585,-0.10632035818471618,-3.3234610404304488,0.10920498601821765,0.35677544431375374,5.2807568570641195,-1.3022905882816516,-0.8357289165374433,-1.6190403540813056,-4.058940341990489,-1.4928542595509824,-8.735178101495615,-14.537160514196264,-12.44729234448106,-10.95757813904066,-18.527349594596213,-3.8158499201921456,5.38987234524269,-6.914137923429957,-11.10652530947997,-4.882558031387313,-5.5192267818808265,-2.7010632559924934,-2.0022831580169105,-3.788617847032244,-6.691206605204385,-4.57010319621761,-0.9667750127367474,-2.906123949947824,-3.9349934611456403,-3.961764954026658,-3.2084426113195215,-11.135204977985781,-16.57911329938562,-4.816508374752972,-0.9106694210315812,2.5403200594615774,-2.55449260223488,1.4407761136152617,-1.765398365709302,-4.465217016580533,2.2899764064146884,-22.009086994281382,-12.883108658331569
11150,0.35201167936438893,-1.2741544752108718,1.3209471475871213,3.6368778854928765,0.7859217969500436,1.6558188378386014,-0.23601330548705388,-1.2774271756001012,5.5125359436312635,-0.2539364085626215,2.1465826860543094,0.8747050959533048,-0.7273997612124806,-1.6093456677710545,-0.06621848463088648,3.2054506289113704,1.6269254468195826,-0.18962366214018703,-1.5455514272963953,-0.05060101006749307,-0.7740763626955063,-1.2531037863925962,0.43178185198836,-3.0696460490760917,-0.9617207285896496,0.24344408237915552,7.151696244477901,0.3377507625144419,3.761125972324682,-0.004092406588082313,-1.4387070890291371,-0.2648870025623826,-0.3005182234891876,2.337423280187459,-0.32135539367156885,0.0010837407988274154,-4.716704074057509,-0.3633098154807845,-0.3965044247780052,-2.5818829383840733,-0.9211118996205228,2.682260516498519,-0.2724642766223227,0.7921930073605106,-3.6598764186626354,1.1224685505476462,4.18650675176382,-0.010141734260977833,-0.7835075188646606,-0.5521607441807,-6.69620829335084,0.4133880523394061,0.4822381655602211,-1.4337796610465114,-1.7111554625028804,-2.8708266236096995,0.9582612524840307,1.0450171678374809,-3.3601794240460356,0.15719399698910935,-1.6456460861801616,-1.6906066654145426,4.757440364871178,0.2082564327596947,-0.8726971419264804,-1.702588289310735,-1.3271661214186976,-0.7260469327359732,0.019381479417965555,-2.8382855196156784,-0.7176479318745624,2.249679038851126,-1.326675280551975,-0.4171671726613377,-13.300275830992906
11160,-1.410792537766527,0.07803032755482357,-0.1878254176651533,-1.8377000828356744,0.8244411249862015,-0.13373407247592378,-0.3947078698258712,1.881506860136793,-4.775135048979552,-0.29993560138734443,0.14952921247766832,-0.20081695925664045,0.9797241287336619,2.2154179471682682,-0.11544000167232756,2.6104709825486228,0.196660506708363,0.24791614452715913,0.40694170670348223,-1.1979490246882525,0.9556166068333615,-0.33470543485016135,-1.4354067491192424,-0.10556854720541457,0.07019907255660689,0.08445356532451741,-0.39692347496920327,0.16419951537532695,-1.8445510622588626,-0.7834349828845797,-0.22903173688056616,0.2834804133130854,-0.2508797321844262,-2.010815767689322,-0.0628391851158759,0.04298100369998621,-0.24253029152199737,-0.3823260899144034,-0.5594661259947026,0.524416569201841,0.11575345463707781,-0.7993153686927196,0.8293796675622882,-0.5645164280236268,2.772477406363535,-0.8604650387247393,0.7731723278503632,0.6627483640032497,-0.017628786480993416,0.24049905537085958,-1.4385751958083997,-0.06459536075021682,-1.3564907147996843,-1.3579563298750996,-1.278422341481786,0.5295336337657309,-3.6923800795593475,-0.7401054583474648,-1.5744098649519551,1.2627918321876963,1.219828536902052,0.09182385849338609,-0.8151524432622549,-0.30028577357261954,1.1704955682017901,-0.37208599537988774,-0.786705788706246,-2.287301924089545,-1.2209246559728304,-0.32701203513881993,-0.4424148570006027,-1.5835366919117084,0.6551956420198259,1.1660381022568267,-12.134237728736078
11180,-1.6079583157518438,0.4287110071077169,-0.33721428590269936,0.2569077190067316,-1.248911828712731,2.800005373433448,1.726606120271176,1.4765394219208778,3.4054038363949806,0.3600194235598344,-5.893535173277224,-1.1853231105342243,0.8896823707710161,-0.7429795055141484,1.5316580724700914,-6.085574621744219,-1.9982383051505683,-1.4961660439953557,-1.3646516161152709,0.751424209590962,-0.4583883185272128,0.08544387571957596,-0.35337432841195354,2.396057345599652,0.11612922360654532,-0.14924811619321715,-3.1425303566177627,-1.4906251743533823,-0.4698714974656844,0.7288623781910127,0.1534454752586072,-0.3794436775851963,-1.4019370460144356,-1.6275765486656077,-0.533969396643837,-2.257815470768878,2.3079718880267897,-1.3026295537481503,-0.6435785900252265,2.341428057500589,-0.16712803824427905,-2.36114216768124,-2.2556982068108256,-1.3198341014918658,1.5052509089067945,-1.6634455859836794,-3.2871652062822623,0.47519872068106933,2.762959031919851,1.0937627114951807,2.9806839198861597,-0.8951275385531778,0.023961916373445656,0.6416477237952286,-0.7670569000714035,-1.1564586526967864,-1.3833621751698313,-1.1986289475053664,3.4114634868960088,-2.7938438627624422,-0.031512717396878144,1.2366206946054867,-1.8175432418938935,-0.43171477988254836,0.11511159834190114,-0.16666915304670232,-0.4848418844680668,-1.7762669880525028,-1.024618461156088,-3.9097565926065236,-1.696252184511492,-1.40727288372487,0.30831002560507326,1.1878519782654007,-10.946385750470677
11200,-2.2733113449216287,-0.6309558310989577,0.26884245989513483,-0.4156562764224785,1.437038718903802,-2.391498145168246,-1.1268148177545356,0.8286044991432964,-1.144127244092071,-2.229700524035557,-5.947677417985679,0.9352726452486985,-4.561864901357436,-3.1242473950827923,-0.733786332997523,15.484159599439245,1.4644891730244836,-0.351668565042808,-3.3949090884387494,-1.1208002332400298,-0.06583473784310459,-0.5552910382805867,0.058061599800073985,-2.8780727060781395,-0.8379885704539561,-0.28301315709157027,5.8097791222429755,0.0934751034392468,-2.2962700418651396,0.5564049061775229,0.1840991931144724,-0.3095691047040562,0.031469011566372634,-1.384966460468987,0.7122388387270243,0.46955656234295895,0.02885375144532414,-1.1347517284440958,-1.3072476285217853,-3.0842726501865085,-0.7827792597603471,0.8328387301033653,-1.1358087246519164,-0.008890746775795601,-3.098798136286181,-2.3521121264554283,-2.1821245510665754,0.25554911168832395,-1.810782573396141,-1.3253767497086966,-2.7154592252710605,1.5046923969322112,-0.01193625157462303,0.6329801670477752,2.6422328139455504,0.49643484237529867,1.0887604232721066,0.49738367093577407,-3.872385232711203,-1.6447488747097505,-2.9108508181162778,-0.9316067048400822,4.905816322470893,0.7665805633079109,0.5668707361705168,-0.2062294852076597,-1.1972452702438683,3.737542806023692,-0.8233343953671967,1.4272127521973093,-1.00080618296472,-0.4244925762040307,-3.1563156588913848,1.923508183534457,-9.02287756693622
11210,1.841944455928382,-0.18709433362384928,0.26358122553813546,0.6863977270907847,0.5730370696344907,3.3483957648333003,0.21546393256023239,-1.4128068027867426,-5.477492211619373,-0.8495701399049849,0.8962439978687765,-0.9933805523693693,-0.5341869972775212,-0.6630741907485924,-0.664236711042434,-1.5878851681674853,-0.012417580234276467,-0.016660057998713104,3.499995413648348,0.6017946621726841,-1.6150161372827165,-0.8385398728150761,-1.8020655615667196,-0.8081500855447101,-0.4155262421844606,-0.5291500225602155,-0.9101714833479475,0.06251847807170588,0.5123132765196351,-1.2102619996180224,-0.20888618039440968,0.8618292073291545,0.061590320578578564,0.7309347668087242,-0.3574715572820448,0.6212393385089665,0.9323566174286813,-0.780669994059893,-1.4898689591650913,0.9283625807620846,-0.4977196999212514,-2.1565986289360373,0.7264802875398321,0.053097921878889606,2.5030453927550047,0.5285050413718707,-1.7826986571319274,-0.8252020709715379,0.3975500013089115,-0.19462105790808343,1.8058987223455847,-0.08275089146523773,-0.4165228808261654,1.1824348849866932,3.260557810178923,0.7936264560266755,-4.1824393550659895,-0.0031653323739060744,-0.015258250369538911,2.4561050526511345,-0.010452069844419423,-0.2069656894503856,-2.3634179962875503,-0.7020670655886921,0.5182890439892229,-0.1706932281872717,-0.3620531072052298,-3.3890220887959286,-0.12775093949432603,-0.1997189621086129,0.33964160644639396,-0.5085046889190782,0.041862311514103086,-2.0108202419019694,-11.03369780883819
11220,-0.11618207959751942,-0.3641492736882874,0.21245736016905115,2.0286471312299286,1.1826441136498702,1.7959494890740053,1.225278029984286,-2.139422774378737,1.8361984894244845,-0.4983008144182426,1.0860901560738718,-0.9213615852764577,-0.13330051738546717,4.624352570415147,-0.415415572177071,-0.05643319126922011,-0.9687310478202089,0.46825275841359437,2.4801930130840497,0.5525271409618382,1.3797968476371687,0.12589355954120712,-0.03503404146671505,1.388255261174655,0.023147178632538398,0.03809963216954187,-2.311050873230461,-0.2695528666457477,1.6536759148778648,-0.4563993587818116,-0.1990001296475248,1.9929210531985557,-0.31690726938038866,1.469390149289442,-0.6924058022259542,-0.4389793191612332,0.35758484020865644,-0.5810001119293221,-0.8244350620936779,1.4791571136436097,-0.9488389083808065,-2.006890264358981,0.2116776163917612,0.25462052452760914,0.5589299048723417,0.292721302724335,1.0874589035236752,-0.7442764830253946,-2.3851676529900825,0.3135817878867127,-0.6653390586125195,0.06445712619550863,0.45911158796436896,2.0808727454495335,2.301701033910255,1.0834008491497875,-0.2617321218561564,-0.5505095219854443,0.8161853080879714,1.4703937758479222,0.9719933919514636,-0.5134354937692307,-2.000140902615809,-1.183183851289128,-0.8235921197765002,0.01163493316404588,-0.7262234662924046,-2.5314880359042014,-0.1311807935847683,-2.452187790498579,0.5665297729787382,1.2263274520863627,0.9091564630354918,0.29028208246814047,-10.74341572637005
11460,-2.909592293460434,-3.0404271830670853,-3.0057801350682722,-7.109222818282831,0.14361052291648466,2.7151840159658267,-6.290156561336022,-5.993623459251236,-7.938198817391757,-2.0694269963015057,-0.02572519293600334,-6.491449617264041,-7.089678467534903,-20.003497176099426,4.259102837594044,6.111512229173839,2.5538044333376413,0.14567297681388072,-0.7309288464155055,-1.6668657702630236,2.557521966111097,0.5764139918397791,0.035428063854655564,0.13331085430253478,-0.1307325549144779,-0.28327764278567186,-0.5707917782973521,-1.7415432297840145,-2.719453289680454,-1.695221379689301,-1.2977795758821207,-2.6978486539881166,-0.12698243430549283,1.9820168778004967,-1.2925631877038275,-1.6013161557598088,-1.224459809127659,-1.978655897814308,-2.2787894242669413,-8.814225266188716,1.5760972796468424,11.828722232362631,-2.030162144669199,-3.890864308410802,-5.345584472213781,-1.891109364230053,-0.05707959808625387,0.44336393994713824,-3.0489741469359495,3.399424939499621,6.281202672363075,2.422457735463484,-0.6745127116014787,4.963819658755967,6.704103304706651,1.6788509464896797,3.610332345741424,3.4393286931815754,4.221609565690972,1.2274022055314562,0.8878455908362647,3.294489392514085,8.003650500761832,2.6543777898004954,6.473831814949244,-4.529379788899509,-6.703285924862644,-8.737279339381693,-2.0133671062326726,-1.5267302286334152,-4.9755093171685525,-2.772066986376267,-11.564268929096077,2.0020324835959133,-8.741383242774136
14600,-12.438875991317174,-12.122997957669275,-15.972750276480449,-20.734604725326307,-8.398512226577436,-6.687152001599624,-2.2721572318210392,-3.6801765494033156,-1.5418418490202013,-9.308121778743365,-10.541390077919079,2.1662621253422323,0.2660874850186303,1.9228207523306327,-7.647646458615051,-14.719992230342806,-5.531683577045796,-3.189687370074539,-2.7126995267113934,-2.0426178142541835,-8.956704274962739,-4.843987608432069,-2.919573610126673,-4.949392353603305,-8.664810031824462,-7.536856129135224,-6.0630448419822836,-9.042587995516369,-5.39803722796149,-10.755020650158992,-15.025097389004731,-19.020705825017235,-11.911129560864307,-14.177721649727856,-6.018989278588236,-8.033085687529047,-9.305393007439578,-2.8113612914290895,1.1507308854555294,14.463539135941096,0.33021612586478477,3.5987950851439017,-8.279201756257244,-3.2347490982254627,2.830417134768017,0.9940393707190209,3.443450387092605,-15.008863677986252,-14.468912487176205,-15.97931888532769,-19.597133729073718,-14.078127961283919,-12.36874913003634,-16.909480722094724,-18.20889449070726,-13.603570400881406,-13.5695181075286,-9.836964960938783,-12.037472930856914,-9.290403444300235,-8.199414410822074,-11.546161690599261,-16.258725621061078,-9.673267895700329,-14.960506878435593,-2.5025786116341155,4.8423382315448675,23.36410182748627,-1.607338810762808,5.901076754158562,-7.113318164655061,-6.338499683962514,-2.5631339673935423,5.570848737404081,-3.170534505370055
14890,9.933651351266787,-4.150550143011535,-1.652447933213235,-1.5667085055912933,-0.6544829626602653,3.197661319888804,-4.682922754644106,-6.548648439934438,-11.691511763167613,-6.960858225355146,-11.487814320066738,-4.718319832164593,0.4046182862772052,-3.456832131708218,3.3373579207045,12.286561463761334,-2.824848661038261,-5.587493521157892,-5.646594232175817,-6.603035666636008,-3.622998014475427,-3.3513212466758633,-0.008130809590969243,-3.0279588771145063,-2.196724972261684,-5.8634600232465255,-3.5819806110808043,-1.8809570834684084,-3.197126076425912,-0.14537832197482076,0.3090712149930591,1.0143808883879122,-0.9488845315647239,-1.4587000189662156,-2.462324513264418,-0.8862521698984062,-0.2583101576661794,-1.9580971853332925,-4.069791546541184,-6.284950726214509,-5.78914056561863,-8.323581010433463,-5.799675942793638,-2.360262490016577,-3.859657857353771,-1.1576103712800536,1.2328779456483503,-4.997380163050291,-8.64916060477084,-2.696674026291196,3.211985803406755,-3.2885128499807195,-3.434617502383845,-4.398349260221713,-7.810661171244014,-6.258108186528854,-5.073395848734288,-4.572589930941823,-1.2044243225519213,-2.799826528100477,-2.5421497681202703,1.9426792935501702,4.903101601346787,-0.8390347406468703,3.4241789961842777,-3.4573756632433086,-3.867880503320396,-6.566142374872745,-4.406537401918628,-9.424786012891499,-5.839142190445673,-12.002426240000966,-4.279032751398994,-13.042957983534778,-16.213492488904834
16470,3.5382396616526837,10.401247400529966,12.344054047372662,13.564394248511974,15.515763111449465,19.15497339540973,14.526489361386295,19.57789788819796,30.58171094637192,16.2893613771387,21.991732334198048,11.482177952684141,4.2195619638046775,12.007492504454051,-6.8844666987545295,-10.982519310314217,-11.994810301035661,-8.5386802581084,-22.34638424833079,2.6447118142653094,0.09019934056724536,-11.831708035414493,-11.941135530042963,-15.35478113520482,-9.62195957500989,-4.010302798669687,-4.229725120238433,-3.331254220698048,-2.933147807660598,-4.997445453504085,-8.742751938171544,-9.12670373775836,-12.63661438238119,-17.869157999006156,-1.233961997161657,-3.5109328809141442,0.6502403182931704,1.9635872878976441,4.226376026789132,3.181823072136262,5.643727794445553,0.29231131832034046,9.633969610388748,7.865915099667554,8.24896176620036,2.094611739447367,-0.234308282720989,-0.6737384187715347,-5.787351603354062,-3.2101278700014575,-6.684254938073498,-5.062811349470724,7.451882945671604,8.570957072225088,22.73001526652287,17.34565821418255,24.66173462538309,-10.388673153053043,-17.04819473116344,-6.943805725113398,-11.385873016375168,-3.6925024328354907,-3.8530421244044772,-0.9574184765534179,0.15858176782895822,-1.5712040833574887,-8.119264537103362,-12.235246189700513,-19.141384395891784,-33.58295462956308,3.021711354697822,5.884589671543697,2.819702875652889,-3.4250795765450412,-19.638572065449875
16480,-2.761980545106155,0.8531431628998927,0.6131009358170691,2.1361966700694746,-0.07007828531316274,-1.8814904276118498,-1.6821616519753781,-0.04056220449942071,-1.7256150070827316,1.1075871230656162,0.35859275612284236,-0.34855077083500186,0.39470603407635285,-2.8560966807681045,-0.08765397715686431,-1.0038233091095863,0.3694977910737701,-0.8977718394406011,-1.055153511205801,-0.29740767055387807,0.8324396273862189,0.8284611818259211,0.681045917942517,4.965054612301288,0.4753959762385366,0.22739183652978867,-2.1892941527664385,-0.784048325605059,-0.005862870469509839,-0.5888473104461868,0.4118688318385105,1.356573133728865,0.35650734453784383,0.671120781306002,-0.4183952575773261,-0.4146689795096203,-2.6342248333096547,0.38816598163764177,0.9549890491670284,-3.429512900322075,-2.444154521168698,-1.1067671249967146,0.48555371455863916,-0.15369538655380333,-0.9121005923228982,0.41829351924194474,0.9699864586630392,1.167844863395617,4.810855102454066,-0.5242679561018826,-1.9765462505623648,0.12130871440785075,-0.5826087923418937,0.49082954475063617,3.378548368114523,0.36099671104649994,-1.6569040110218392,0.2938549567591905,-1.3357026812569472,1.0623754021457834,-0.619228039506929,0.23313747984034838,-0.35353727602536494,0.6636768261854035,-1.414829113509242,-0.9635815833285678,-0.07635371973180305,1.5673507842629895,0.48351689823762717,0.2994545933180397,1.0419097390418586,0.254575323654087,0.20764904718921748,2.7586758198401182,-16.879896245609757
16510,-3.406472865372318,0.46982121179748465,-0.46811837710922427,-0.6733939629416975,-0.9120344314415902,3.527063926150099,-0.575105118802415,2.3489015320189206,5.496177877031968,1.0565908583045895,2.2247013915395795,-2.655331477163683,-2.734234583663169,-2.4473280481219843,-2.688324482780188,-4.96717078002799,0.7525056344514203,1.801240204880012,2.0710561661804148,-0.20363966354545573,0.3248356130319734,3.053190263285037,3.1669878325280005,-3.3678363509773495,1.5032739932701398,0.5146669867293298,2.4947746241373485,0.7554200354971765,0.10907086233290089,0.038266947098340456,1.2218911282585734,2.1555766083678334,1.0456194767497005,0.2189184537022864,-1.178587126897515,-0.4478349947844137,-2.0146292714174407,-1.0507726889235705,-2.84461996785107,0.20797023975449638,1.5448837810170364,3.4604698502410285,-1.98228110905837,0.5220987968823777,4.1080261436847465,3.4569845305532674,-2.907619516692608,0.18525803419315842,-2.6151105117961935,0.311559793049688,3.794902022462265,1.6683670079104473,0.6070408427878331,1.3986388508554979,-3.753965556090646,1.3704961919986178,3.47148409524411,0.17375401082611774,3.7728067658156488,0.1556484800633862,-1.0837514109353508,-2.2963031038073076,1.1695446254460693,0.6351091917387931,2.352890177511794,3.7043405432189305,-0.7366092182655971,-5.169918551436035,0.00915826229271622,1.173309644898502,0.47615799377673,0.6443542333697717,0.6028843657430653,3.7891696681243787,-13.090726577485379
16990,7.351778554396948,0.3907347432271629,3.9415983891214217,10.550212831759454,3.9889619437362636,7.491414024153095,-0.20769258800396037,-4.641111356675031,-13.930141343573439,-2.4127013778178905,-5.823830862569039,4.600484329942785,-0.24752904634536763,-3.2574865231594483,0.8033157554659559,-0.5708873911410857,3.771735613068358,9.594453662511015,12.158438718651015,13.61381110205675,26.2368140276198,-0.5273537346678031,-2.111889097891841,3.577553887929262,-0.9075104693132391,3.876008790451153,6.91367531331019,2.9805143822606,1.1974279736096245,2.5831004105287643,2.523825649374999,3.1492770217847914,-0.028426516184548962,3.945572834164597,3.2622270598284375,3.838495615095485,0.8371066699784737,0.8915340179658355,4.171989484295507,0.05728419756519764,1.0045163459375022,-1.6862038954167302,1.270719910036309,2.0729718096057885,10.570472978382004,-4.009968829672399,-3.7627980586525944,2.830016424941305,2.202071650925325,6.49425994076119,9.159279450952988,0.2895131045935575,3.0443981387267898,-2.4785170764607836,-1.3060037354742502,-0.26681545796133466,-2.260143083767087,1.7496678134359511,-1.2718371405626454,2.7906164565763323,3.1956167059908935,6.747747178689212,12.029533070896642,2.7535390157655626,3.8782252623549036,2.356074655007849,4.8535111651524385,6.063769891544322,2.460362714671256,-2.770911720743996,4.117291531500772,6.181470797504345,5.4935327077347615,-4.711820389604038,-17.802546967089416
17060,15.58992757493014,0.879154475395316,-0.6376171976475451,-1.1674598469896813,-0.14137640860652362,-1.7473610646267428,0.49600841536869383,-3.8227889547096487,4.900241285577337,-2.534811669887015,-0.7891974032363162,0.7399397243776583,1.3981271385001754,-0.182227401571775,0.8261500165012886,-1.2003426451188506,0.4097543652641891,0.45945590979229506,1.4525989744222954,1.8930758726004542,0.041638813548215435,1.433954551055718,2.291137495581763,2.085694967927691,1.3314325270533027,-1.8709137206710051,-6.938164748530466,-3.3809557255144624,-0.1419152442054184,-0.28772411151441873,2.1962609947033784,5.376553202452203,1.405326594064543,-1.0080190590114413,-0.151131941533841,0.47676966362695933,4.074589577095141,2.0232827806513454,-1.3223701614809231,1.9151481718245262,0.34154769600091434,-1.7851203930074464,4.881192014853547,0.26239043973821197,-5.055189747145652,1.49237587889325,-3.8864278339474256,-1.2791436483264842,-2.7013269211893376,-0.969503855919897,-0.9128580131317023,2.6282283176278893,1.140985775693698,3.0620939618171445,1.8418342535955974,4.51436746960857,5.677467517112728,0.045148319931232445,0.8514493213075838,-3.127224154072838,2.279680324374041,0.7492630072458104,-1.5743964510757553,0.6910939928668809,-1.5361965599436649,-0.5387157305323602,0.21903549375604212,7.0869877426019166,-0.9548398346577983,-1.2530290009631995,-1.219414152793661,-1.4951791472515465,0.3619634115536781,-15.303532328997523,-33.10607929608694
17090,-1.296962530386282,2.6005161357368456,1.2219801394222412,4.292067367485561,2.202605739186512,4.793402240025513,-0.4085728198388398,-1.118286532216964,-3.8328158186470365,0.8038538673137696,1.2932901230044342,0.7825385726249025,-0.7039702148078795,-0.8795883327713842,-1.1648986483136374,-0.7142550049518849,-0.10966048886208017,0.9556703360645543,-0.27818382290452115,1.5199916739488792,-1.542765441639383,-1.2122171071941763,-0.9333356759860127,3.0628445057060225,0.4971547938492645,0.7647524646865927,-0.5770169858396976,0.45372998179365864,1.6452109450034673,-0.629781330535766,-0.6171935687946623,-4.1450864185533405,-1.6313497224677276,-2.3636966892797293,-0.21434370179051565,3.682695917574632,1.1761221086341556,-1.203568854481383,-1.0438897128541074,4.376195517833271,-1.5201527058340063,-0.9928290982761536,0.7830960816151123,1.554219654010755,-4.913657142367205,1.1648609588167278,-3.303175573908499,-1.1967902338709964,-0.9334048978611365,1.8790269633367738,1.8420756329699222,0.7587896085748137,-0.4092123660354763,-0.3401015677753439,-1.7774588168021483,0.24333345677128917,0.39958498683859284,0.9971842965109313,6.201527390918302,0.3927148463040842,1.6480115322431332,-0.5534981871827142,-0.5408442462956887,-0.6912563534619683,-1.7008443488379124,-3.677751386558559,-4.645966322937326,5.390727989299044,-3.880001157316851,-6.277607525266918,-1.1961944476319102,-1.5668805496077967,-0.8256441637679919,1.2012962504387323,-31.904783045648205
17130,2.223404577575748,1.6337315075734957,1.4227073384856752,0.27975991515431753,0.8715444515537388,-1.118586396841147,0.6643292939254323,0.5083831251766011,3.5187771582602188,3.3051499098467807,3.3393391312881717,0.3906305401113495,-1.284474104116189,-3.4948685887026745,0.8404960182991207,4.288977900621218,0.3185386006509474,0.6322798117047749,0.9844319957902933,-1.1155837849989374,-6.218017366352875,-0.6085147475714578,-0.6026381411027983,1.294992849943051,1.8331701322530756,-0.003815975768097453,-6.986133960370413,-0.17921979275727362,0.12607635180610674,0.9046350879077362,1.370384367382566,1.344404966146014,0.7973990830559552,0.9773230165410589,1.9950013285750314,1.6179185853640998,-1.3667022496308292,2.0934599224556307,0.7325334485125369,1.0410224602123466,-0.05119606451241545,-6.329884254335001,1.8944225356558901,-0.2009302468666342,-1.7207347240906337,3.549367527891897,6.6175416449511655,-3.555154591185999,-2.768336923286626,-2.3270788614633595,-6.545451838067626,0.7887930327547089,-0.40580681463696644,0.5942689980514166,-0.7842836309553458,-0.31785412374851785,-4.315666100410596,-0.18054821284020964,2.565551944702827,-1.8735746279598808,0.36560381794313074,-1.7119363394441574,-3.6800151870729425,1.5006639330728169,0.39000258712325664,-1.8759889521983857,-0.7704975269068761,5.323222920959927,-0.01733993522004724,-1.3940180993349365,1.294408953945815,2.261342477239189,-2.0814744216839496,-2.2180398263471983,-34.1228228719954
21530,-2.735261144780747,-17.910397950893678,-18.03612807911227,-23.37424245074516,-14.969350524935885,-13.001456326906753,-14.96687999099639,-17.009343481042592,-20.696501739184868,-17.963049941168293,-19.249364213925816,-11.670113660046963,-2.5622847328380582,5.331601618863229,-4.000226705029219,7.695755269606137,-12.817686283162157,-18.02488959547716,-22.832672474673334,-16.29043147413959,-22.109478370508008,-16.49788931154701,-11.659834587764063,-18.7271455239162,-25.992651978398968,-43.9366612622367,-48.824804586856686,-47.23885425900593,-55.30202851332353,-30.061709640011227,-14.675159369821102,-5.303709714337533,-13.27914328993562,-4.534832210292096,-28.41181073076571,-27.562284963097877,-28.679327122394035,-23.58630951366501,-19.52733163916611,-20.316141668410463,-14.016596969690404,-5.971166458775259,-13.25530500093779,-19.738585240999523,-26.26146119689026,-25.147578475669707,-32.76086303994293,13.537359729778395,32.0259344660246,4.487884665462465,12.384701012896036,-11.584204066969422,-8.215509746251008,-11.321666427220784,-14.52547251275455,-11.48981057405918,-16.299905077945347,-18.84234321349744,-15.1546628788591,-17.654803539462506,-22.87038290471157,-26.09855204746496,-21.996196124934087,-23.566094747774635,-16.806754908845782,-19.82398830770688,-19.566646926395745,-19.85987331751402,-18.34965336970461,-9.527599991695626,-18.73510885071301,-19.622048552611627,-15.137248092170912,-14.07500237854245,-48.19782525053785
40940,3.3723378154934056,25.980727213171406,28.317364370586898,29.045435412920533,28.628084898327682,31.359804921548726,22.80081290075544,19.808501552055763,10.802736129900735,24.402672053743256,28.69803724700827,21.683945689114584,22.639071878319452,25.53431531276275,21.566934070684294,17.641061421235246,20.985896213705637,23.25476278678293,27.757335284719378,21.497987967626777,21.528590013271607,18.656954204112036,16.022724303831666,19.12269267354327,19.87735627371561,20.773805445039965,18.193760248968626,21.39945384243793,18.13354058768743,27.106302820974665,26.889434033269687,36.03594250104664,17.296709087269324,11.257436400328126,29.20380540765983,24.381711886494845,34.68657264120307,26.753264014736178,17.046126984321827,15.561957371960254,15.6377273794723,11.150846071351038,18.841581051802784,26.260763697714424,25.08747749937525,35.44932698669145,47.98391738470969,13.387458390775816,7.508195726980877,11.56107878806164,11.889624032780684,12.386276507246025,15.85747831772045,10.09654424014117,11.901219793885419,11.3941633171978,9.963798599002411,16.58082928183988,13.104688888869642,15.546674212060195,21.028483031326815,26.998564223149145,28.373790428759307,33.34478409474944,45.9007351509101,26.35106315297023,19.73912685780617,17.16793650700826,16.577581450986134,13.25623388520965,26.529681671173304,31.58427162292435,21.620809144331574,18.327611621393064,-29.87021362914479
42540,10.374465891795582,-13.151826374188113,-13.610943627260323,-10.338316909649594,-23.883814445445594,-27.954832546107315,-26.444003916327382,-20.405794694771703,-12.657073275911467,-17.11078080698513,-21.69713725294892,-28.323743557749268,-21.82339394651314,-21.611552259907974,-17.185241734404066,-12.518558179741941,-17.644226683828514,-22.92624696193923,-21.101165170259428,-31.576669052286643,-38.86343454450264,-8.844405022814941,-2.441043200388349,-6.593688309289123,-3.245811385207939,-4.437069844970702,-3.499327032153075,-4.491639568446148,-6.386869855873703,-0.28018732732829005,5.149138220014479,14.352744102027458,3.696065685179948,4.009373193383305,-5.0022093139905675,-4.906306015546984,-5.332906905722561,-12.284426082494695,-8.0167710394863,-6.26558900173712,-13.06473579221869,-9.897992849493637,-21.02102516190981,-27.976321957075463,-28.34594032819908,-26.316406583276116,-40.62288553662148,-17.082650758400458,-16.30616961913098,-12.52895242923169,-13.08484261700523,-10.73925515128688,-19.931066645991947,-10.587547308237227,-10.359204784021935,-15.659620426395929,-12.073538554527746,-12.161198734521664,-15.747189819257708,-10.84553250681277,-9.742062774357708,-3.4199832990027383,-0.3254256000842741,-6.192098457274354,-1.990908738037098,-10.427215808048134,-9.134408483308006,-8.508219016767613,-9.520948604621077,-13.347146660760675,-13.672556501284618,-13.808087592314578,-15.482821266892127,-23.368544294739237,-53.23875792388402
42550,-0.3919053846060717,0.07297085065089362,-0.17071563015170943,0.7805131219382803,0.3154857889804382,0.7914214232909818,-0.4025793547852086,0.734366855073928,2.8845110413274946,-0.3122464819124594,-0.18166751233514034,-0.21894602860511242,0.34314868035754365,-2.570866506194404,-0.6032639773070724,-0.00916652866566665,0.5782372915138908,-0.37123569955049496,-2.0616771389522435,-0.34217046910900445,4.891070401051796,-0.45113373761415515,-0.23729481362049212,0.8257382580406267,-0.8811469775168554,0.2515112788781798,2.647177718053157,0.7430429582685725,1.8503380236252052,0.33053471399078166,0.8093549164591898,-3.6852621643951218,-0.7614507315941665,-0.6942208385908814,-1.1951262556736124,0.8446094366224803,-1.0381999383862668,-0.09677482648060995,0.23288154633575942,-1.3103793125687755,-0.3336029135076973,-1.2248201188470438,-0.49155547663867843,0.41657718988640674,2.343767563025934,-1.0800571505965981,-1.012113692051733,0.7258627817570985,-0.8954513165399386,-0.3545962185293781,0.47993647201669587,0.38913437700728204,0.3568599877794698,1.1321064183200238,-2.225135709653148,-0.2948912965875665,-0.7775752675634157,-0.8160010690758331,-0.21277762963841057,-0.9799236529180654,0.32999380225125313,-0.7011077807222827,-0.6499591986254483,-0.10073693586737296,-3.3610188920949717,0.3076104434235162,0.8215324390880252,-0.9636118302753178,-0.8889467317250922,0.6759588403955389,-0.047828957395880674,0.17161537768057758,-0.011035917567785972,0.2955109028930149,-52.94324702099101
42630,-2.0237328539690376,0.7258236893451152,-0.20207870985581453,1.7582251159457412,-0.13654505117322144,0.28916602790692403,-1.652246232613581,-4.706499675245952,-6.629547434919863,-1.905356624661259,1.3464028200242775,-0.9078645053649984,-0.2744940456554186,1.2377488392703122,1.3381277785099885,2.3561744770819324,1.689251539791712,0.3503133523388937,0.17385261079500294,0.5197644923296186,-10.582773085368144,-0.1021316445949744,-0.5944638625988742,-1.375096119852603,0.23606091943726082,-1.6427124118842475,-4.935239307647353,-0.5321222772235241,-0.4047313550895343,-1.2106451651050685,-1.530465454081661,-0.3802175400877945,-0.2951840538478383,0.11414304077251518,-2.1720886999606677,-7.407564896563233,-0.3985564107993134,1.4687912267207632,-1.6703848908934966,-0.2512058761629546,-1.1380138211754738,-2.475716301888677,-1.6067895365162173,-1.8161456320898872,-6.917762602707904,3.3197019541852626,6.779467787060677,-0.11443235915537624,-1.695989366222312,-1.6421533254515728,-2.5861324650961603,-3.4815455531090915,1.438685162431784,-4.529746223395575,-9.22351025274573,2.987286205659635,5.170999832105225,-2.0575633890925897,0.06341675605910892,-3.489774277326365,-2.14007866594398,0.3507277802878634,1.4256376500553836,0.10536040963449585,3.0601113679235667,0.6361902029059934,0.07132028323445817,1.4675531106502588,-2.129243082734876,0.025066628540311033,0.9838717813541118,1.514397995190108,-0.15449158644294944,1.2446264243190677,-51.698620596671944
42640,3.3064805526204335,-0.13804853607012693,-1.281239078547815,-1.1676119548278732,-0.7702800658032004,1.6894122069630584,1.4151100901994071,0.6221384661248739,0.007264935298868612,-0.07230902575179461,-1.28745773563086,0.5890392805006156,-0.5966650723561157,1.1359306969703191,-0.49857810205221353,-1.1160205257698876,0.04331546573201162,0.18132333852015034,1.8147654159367024,0.13301501741860197,-0.9813249609859814,-0.5881289605470467,-1.7070910350110873,-1.9719573948751883,-0.03931103620953962,0.5672025535332407,0.18678707565718303,0.15546142045127792,-2.39857370587891,-0.4401200028131545,-0.628373621307275,4.509373857999481,-1.0263920850019157,-0.5515189888265194,-0.3619599888934057,1.2311719793747924,-0.3451594002464817,-0.5223233113946875,-0.3823500804531229,-1.898998689310982,-0.08372300410834235,1.2798456901106727,0.40662213857234597,0.11620259357555945,0.30992340197078466,0.1223441232542742,1.9883125359036942,-0.9561382475466393,2.9632035624706994,0.21790576415086638,-0.5391533389761443,0.7785481159365667,-1.4270642191466263,-1.2914847311931967,1.4203619173349147,0.22629591162796817,-3.1702177838923697,0.3257477130469429,0.9225220199641877,1.1971165950998484,0.8214553133210125,0.46116500285835427,-0.3545383837414694,0.5481930536451314,-0.5678593981993043,-0.2688823799276364,-1.3251925345175708,1.4378395113123958,-0.14044641669737962,1.440274056520779,-0.7278046358250746,-1.0747450380107662,0.016231821952628817,-3.326169730773732,-55.02479032744568
42680,20.26972901839012,-1.0442423803929162,0.008017221267638385,0.21587278131649704,-0.1332975191421111,-1.7274546385933518,-1.3561720743319359,1.5720272116213545,1.6321923813122738,1.1711417066124716,3.3523724025002517,-0.5046943442480483,-0.7316058021119893,-3.6104476272096933,-1.305736127390463,-2.3444614822179277,-2.1070973653963594,0.5200212061216126,-2.556004130552328,1.5997890335308134,4.0362312071043185,-1.4560486380667952,-2.0276303952975194,1.258365729636959,-2.392813586565164,-0.6354262261508952,-0.11943653871364,1.0141811596642647,1.1871651146808504,0.6267045657737086,-0.9241749294859342,-2.5490806382087334,-2.234887652508787,-2.515828290634471,2.629439654540204,2.7849980104740277,4.5644693363163436,0.9585640942256677,-0.47685420373312776,0.3617190642479512,0.06978659636242046,-1.3097096782595283,0.8798410407882589,1.5599533955590625,-2.327569316946983,1.1679520611767413,-2.4117384750717767,-0.6330929850685036,-1.0345788684292152,-0.6057443457178682,4.611164730886153,-0.9193193574472608,0.2443822787965544,1.4214776290649989,5.564092645064103,-2.505930384835289,-2.6451650374126525,1.0724729686153613,-1.188235301002707,0.5905195805947254,-0.515848944288047,-1.5323202514945102,-2.5813250963642838,-1.5818070669108817,1.0899258243636059,-0.6544915839374584,-0.9286027168497466,-1.90294139748475,-1.9654985138279797,-6.829633509463092,-0.3970996512218636,-0.41578499611611824,0.13952012905052916,-20.543832786554468,-75.56862311400015
42690,4.19550901964583,0.01180530809479648,-0.91687679358754,-3.8236197402360106,0.6690623935027562,2.061586203080914,-0.7451124201188073,-0.2253968558217345,-0.5715595498138287,0.6161514168289496,-2.9221801234399387,-0.6788263533498016,-0.6433735406708471,0.6314446551047287,0.2004946390482065,-0.9705855205417171,0.06849749535987078,-0.04049334937478602,0.606216520272944,-1.2138117531238282,1.3983393822654757,0.37412956100049516,-3.3862597417888933,-1.5424765050039624,-0.023252355568983637,-0.205316466066611,-3.5715955237962422,-1.5051302626068932,-0.4514778262242064,-0.8702822906201548,1.2221856939159503,1.5599720720453254,0.9091762224654809,-0.8015577401980345,0.5823837650172481,0.5695697506137111,0.015778636772554623,-0.24146020538945726,-0.2899185576104148,0.11088231461050663,0.011274036533984661,-0.6700677270866435,1.3946868766692697,-0.2770709583578082,2.508317925694429,-0.5918463174708757,-2.9890384994958694,0.8346853396166901,0.9303856516393314,-0.5558449108140764,-1.4041622710144965,-0.1588914285662922,1.4737042383945311,0.5383700422024945,0.14207584725969863,-0.5127379033723448,-3.22411277305357,-1.4023046738302614,-0.944343862368746,-0.5324129754995816,-0.5093365230418222,-0.1184040703428274,-0.3355481405680576,-0.3000136633531338,-2.0204750788148216,-0.5399249353522589,-0.6600098065167027,0.6051317833161617,1.0120324625385413,-1.603029091466633,-0.09888740627002607,-0.01625641697050641,1.6083319997026368,-4.507156390132113,-80.07577950413226
43600,-4.559409871838845,0.6557584625029824,-0.1495743585405834,-0.9755154995798795,-0.9254055116489118,-2.452017701236803,2.8086461618417307,6.066523808336296,8.889249167513347,6.708361783376986,9.043378709195386,4.930187532269052,7.235331993874353,9.637069446671653,7.0641990474269996,5.47554608412257,3.9606856615071284,-1.2900493954418193,-23.636706298253017,8.498921620540376,9.48939128593623,7.729200992432583,10.228209606303077,9.977147371956589,6.1505843036028125,3.233062340065917,10.608288000880933,3.6855869607283593,3.906282077262453,2.102504411087432,3.1926693387108767,1.1315724215604264,6.861466993894551,12.529391535609633,1.8277121027066072,6.354793212840211,1.0012375026887128,-1.630569431089894,-1.241905039903438,1.0003364872064935,-4.082210137737593,-8.66898181423351,0.572675759385539,3.4291782487872737,15.341124351684577,-2.6610252112198998,-6.1624354887947606,0.16530311993410812,-3.6117261042626936,3.787084389605616,6.640240728858227,2.40511512330603,-0.11103159488167387,4.683172615599422,6.263374604459087,6.733320620328643,12.343525120884143,1.213793780795732,4.016792726912316,2.263611935068202,-0.060677713497879704,-0.4812294943459562,0.5639923490121528,1.8260641364112535,3.1834181104975614,1.4848232381548876,-1.2317499814167103,-8.054553271454854,-0.10621064217039815,6.8767966827261,2.253888802682157,2.1081186965813967,1.2838093720869659,7.391200791959731,-72.68457871217252
43640,-2.9348169194179894,-0.8274192086323089,-0.9426586167261415,1.1006092502457978,-1.5065912548000728,-3.7537630622644937,-0.5673039486177053,-2.022557132292448,-2.910349973085493,-2.1490409803276624,-2.3131874201856566,0.5834838280169518,1.384248491439757,4.259661869339115,0.6241464332544897,2.2358631580784003,0.2775014472860985,-1.3679994800771684,4.049225303021908,0.37666795822699084,0.897118415610374,-2.990854980754806,-3.4519666231557333,-0.4313733997531827,-1.7483926529839027,-1.464653268220416,-3.080760733019549,-1.7711789368182467,-1.0732089879422422,-0.7280890110869304,-0.27733773123780936,-1.069098520391477,-1.6128526138900845,-4.7758334648242045,-0.7090962582153097,-0.569337559759259,1.2369529067488734,-1.9820746179176227,-0.6315800783030389,0.24213148628491937,-1.0906521929111768,-0.6545232802455475,1.1667755501846009,-4.660781343082301,1.8150210869706842,-5.582797639757192,-7.181860154330291,0.3361868045703954,-5.653758767608822,-2.1799200822195806,-15.457482795584442,-0.17991433283298428,4.7760792399870295,-0.9083947425635943,-4.8308556510587755,1.474235289124589,-3.5017832013022514,0.31908371001095015,0.010470874448571631,-0.011377159030788455,2.1184910002399824,-0.6391843674022386,-7.050898385484067,-2.1053390594612367,-0.6936003129258628,-0.10424630627065373,1.065403135135601,1.914538943783571,2.4414439482208086,4.15325890856892,-1.6815079708725467,-3.9531085780240702,-1.536740719375223,1.8580295788787224,-70.8265491332938
49230,14.993165823022796,-12.08665030815572,-22.492397885896853,-31.44910807193732,-20.739867503833956,-28.62889400874185,-12.62889087026636,-5.084551139423521,-4.202132534995477,-6.010632408057406,-4.467648017257415,-9.43619698400381,-12.641076385353475,-18.409790893016503,-8.046334186564694,-8.033908198646449,-4.371516758009404,0.6479794340897259,9.13484819105874,-4.679451473759057,-4.514755243028724,-3.062012524731266,-2.2084249084105116,-6.4805005564154925,-2.2808923847343436,-5.895227516394654,-0.9659555389163574,-12.14816090615946,-20.54864347860503,-5.8840109029521575,-2.3938051499175135,-0.6055220607034091,-2.700839646979167,-4.8809929225558335,-7.550240058484399,-11.58006710652518,-4.470694879008367,-9.180056920242476,-10.008109813439477,-9.234917913747957,-10.610341753183995,-5.833465001378634,-9.725277876026743,-8.006139463853515,-13.478124211794269,-4.577168272850585,2.6700940208633575,-5.278962097856932,-7.27811884338576,-6.596139307364341,-13.288834590024,0.16682214463324785,-4.661962427067255,9.187514308085508,22.463090165242317,1.7148590051229866,-5.357656357086449,-6.333285389170084,-2.064541861586075,-11.356142147998483,-7.552330346069625,-7.745869167377005,-8.721922744537315,-6.627786136653364,-5.299323975671479,-11.376467609314615,-10.248942168602964,-13.971021924304898,-6.212858477420789,-5.0144029429175205,-10.753562928378257,-8.344062932679496,-13.459407310221401,-22.26805178212767,-93.09460091542147
52600,9.947319211317351,-5.741952919501938,-4.154326447290444,-3.608866895007299,-2.231906202718191,2.033231420014926,-3.492490107282476,-6.78117570658642,-8.816909986353348,-7.807071825194799,-4.37798285687559,-6.946522110795464,-14.671040696094101,-14.842058637453208,-19.859738531434733,-15.54398785539779,-9.309915298954724,-8.474696505363852,-9.308938640757697,-4.878934615381797,-0.5424720642500256,-6.075799123432767,-4.894382851158057,-5.87271408822341,-9.004402510953412,-8.847185480408386,-6.807027714134999,-5.159667136870291,2.355241989555167,-8.576461140339331,-7.639363789266176,-6.000347174720858,-5.166780200398434,-2.58011797140458,-9.739415172996097,-9.549874532589964,-10.705283978281376,-7.050734056704877,-11.377338655714308,-17.900147024072226,-4.27895326818726,-11.394529175555842,-1.145846436143724,-0.30810202757525657,-3.771898217969776,-2.440971425569243,-6.84404648950424,-11.158315899964819,-1.2675931971448609,-17.521923685604044,-12.236511247248293,-15.167165640966068,-7.60552227749058,-17.309330760695552,-23.830687321950716,-15.348534428042234,-10.52070109335788,-7.033916466432751,-7.401078475396633,-1.3135206296594424,-7.489657879849496,-8.33117649125631,-4.854735943389079,-2.0037142085865476,-2.347049295717158,-4.057691843768665,-6.374543825990863,-3.2256336503139753,-8.636317485562122,-9.17414968421061,-3.3313939379340765,-2.7050121286059325,-5.918171888578033,-17.395901899137012,-110.49050281455848
52640,-8.77589825621396,3.5618607041354045,2.922347170607901,3.9570800288037438,0.9293128481596313,1.8371242838133,-1.4533390942743556,0.9817222262357386,3.1429861118158566,2.659521968052057,-1.7394596759127754,-1.2994382971842815,1.9306322092551862,7.046865784358137,2.6578076848761523,5.01538286124397,-1.3215566290170497,-3.464518115664018,-3.8720402326366425,-2.8763764283623474,-4.182348405256923,-1.722273972373745,-3.083376820767767,1.3632126779895253,-1.7034561463140034,0.6126684596494024,5.250984435254644,-1.3952437594860196,-2.3832418117326992,-2.4520345444030864,-1.889171771034278,-2.855531668325641,-3.374120279797953,-3.0235910332322646,0.30070365264672794,1.4564566534202703,0.7059729097457638,0.9466665980628054,-0.5313508732446595,-3.369198462149113,-2.38623156552804,-8.456384135741006,-0.3240832287140447,-0.21396137858668438,0.502201502699384,1.8374046834185478,6.60710928346766,2.0595487022494217,3.3196776074478445,2.22105552733058,3.451809858045704,-0.4953238669801988,1.1388593798305255,0.9567698069132914,4.360372423477629,0.656378859637858,-0.02121227702860596,-1.1609029517526326,-1.4706575240174473,-0.0014785212639999005,-0.9917485788792051,-0.9435186214050482,-3.160229062051541,-3.7066706428950664,-1.994997565685175,-0.692873376214111,0.48451776155180293,1.4935033542077787,0.17033670431807937,1.7125794182551877,-0.9567431955852063,-1.888505829308846,-1.0012559984161482,8.781356420099444,-101.70914639445904
52780,-3.568192355473337,-3.103653048850229,-0.7263856644509901,3.569689167085489,-0.14596223783743323,-0.898467621857712,1.8909598902429767,2.0611433292118524,4.297103689663417,0.7798900383302195,-3.534444739014631,2.6826031645002337,3.341371809946846,0.7968390253348111,5.1444031559568275,3.7682305158156546,1.1797185545750641,1.143865610551871,-5.212888953091182,2.6848383323580625,2.754746385568986,-3.149325377412331,0.4822404402155565,-8.234496846533744,-0.9457369564912943,-2.377548262619594,0.5641900314048328,-6.734722091530732,-10.282235765169982,-4.992483043306128,3.864615523745396,6.633295368193833,2.9061699809369985,14.821255196246138,-3.9208471692753024,-6.118707615786324,-1.2218322603697411,-4.2560208048203005,-6.8903825913832675,-4.227141811876741,-4.539277443702367,-0.2711431589478182,-3.2671918546827436,-0.09548527684590957,1.9704745937376709,1.8879597890902289,8.22324172966571,-0.352832673586203,0.2931608409646433,2.266571819868084,3.091123860033512,2.482132131574461,0.6047800058286142,1.2470723825347296,-3.9253882978971286,2.6232147659318694,7.960261547706038,1.041843832959177,-2.7171511741220375,-1.0439916447153663,0.6940186419018999,1.839086958579152,2.920652789785695,-3.540879621226751,-8.120394088549205,-1.5663403294406832,1.8306291158197912,4.00152295055835,1.8462137836825112,8.285815291523196,-4.9932404606883685,-8.567502530210366,-7.177326707946455,3.4754912154371054,-98.23365517902194
52830,-10.852819475401564,-2.2894977391167637,-4.473643147003738,-2.1459281577522797,-4.4468685479085,-0.9939971050777863,-2.713920419960169,-0.7884752973369918,0.6088230862383195,-2.1134071867445443,-1.0862798085761547,0.34751292112388593,5.495294983301091,13.603727729045705,4.448018004229883,6.9683487010733085,2.7659155081972586,-0.34572535417790634,1.517307409886028,-0.09317748880025968,1.7811149378371962,2.30054886744716,-1.3637255018681411,0.9796704157463555,0.5267294508870198,0.09162058073640295,2.455042381622993,-1.1868868869356657,1.8850051588354702,-2.205742695324678,-2.542291504303925,-0.6010505856740663,-1.718171279148062,-2.8740780886225528,-0.0460691518238071,0.014717906325220107,-0.6988889882069144,2.2914725269845833,0.8758907788880016,0.45480842420084333,-0.5517709657204365,-1.676952278701343,0.22327768455713984,0.6410133340717921,4.450914779903326,1.2167920569885782,4.125709375174932,-0.8979904855355868,-3.888533022511981,-0.9075344262602901,-4.116241464695373,-0.9676224253988861,0.75908731842651,-0.02310280365962697,-0.36362141261875036,1.4639369801035695,-0.12272228513767812,-0.95713027351576,-0.867927072317113,-2.014769928299469,-0.5942573615424448,-1.741453898823455,-1.853401148440529,-1.9490454061891445,-3.4837098140780483,-0.27053371221491584,0.5010110233697959,-1.8008476436243273,-0.7113474721108419,-0.399512662309274,-1.290606245975331,0.34725320988382163,0.41633583936400276,10.81640895082388,-87.41724622819805
52880,-10.478689864884474,-0.5792985622338535,0.8646168295003839,-1.5259214857710512,0.6591067559487849,-1.1105265212207869,-0.30285724754590554,-2.91993400484096,-2.9822719700713356,-1.5472869852312519,1.809717919382776,2.89315755236938,1.465791237457626,0.4555447335373697,0.7830822803345461,-0.781706225196158,-0.18486602435734031,1.9348997997058062,2.2414933213446586,2.325350997052109,1.9422112136616507,-0.5740091758598957,-2.0646485085494843,-1.9945074250095733,-0.7095677674290827,-0.29856229972150927,2.401150508335069,0.9760332000998888,0.9602624199961111,1.1670680662208959,-0.56385856298088,0.34036990860575345,-0.07152114924061659,-0.6602830071348131,-1.316708223674298,-0.4738979514253962,-1.7053236886293588,-1.7570515818673471,-0.39799684655301387,-2.078854817792472,-1.1791173042764218,-5.443973925738151,0.9486494879918852,2.378735045370348,3.634642256116487,1.2501861918914408,0.26200280433674605,1.569837986856248,1.0518984130278008,0.5679606497384698,-1.706970955400093,-0.6714570260580505,-0.39327745439151035,-0.30716820590048954,-1.9904153970269627,-3.1560820756956134,-12.18877108450862,-1.4566093973779268,-3.485601900879554,-2.4543528696883965,-1.8648079759719358,1.442293215721203,4.393128056136418,0.7167039120874584,2.0631669899812652,-0.4414708139314248,-3.033780229407824,-2.7343660908156417,-1.3890466133107757,-1.0176613737212576,0.7136956179137233,3.848976899100027,1.3078554572377703,10.171095406559795,-77.24615082163825
52910,-0.12312293136622604,0.4570226937256586,-0.6345927697396073,5.972108218467047,-0.362317468019802,-4.278192607234231,0.30611728227046636,0.11937978781645338,1.6501940675683437,1.1561969029254133,-4.131402197576494,-3.619921188602345,-0.4251584185418311,0.7700137463080381,0.19510733574039865,5.230611507056565,-0.28335389782208614,-0.18465457565324947,-1.4293396374404925,-0.7658519537269866,0.4341886564654017,-0.3353708858930365,2.2852078317175066,-0.5121434120155337,1.7607315433925173,0.4468242192291179,-5.528542500629841,-1.0092877368302018,0.5182622366059426,-0.694902144409171,0.5870369675712894,3.4736217875510467,0.18333504415691512,-0.13205063553486635,1.3687355418786709,1.9208309780127895,0.5685944227297103,0.0753303106733155,-1.3719485637715148,-4.720556049703745,-0.7157427418659867,2.9273788410454578,-0.02503362605560592,-1.792303631679968,-0.47338947847905694,-1.9900859959506156,-4.472563427527912,0.10656364354264568,2.4689226501595076,-1.323546951732015,0.04120438627732218,-0.47589132276673746,-0.03374405131296788,0.21491919272613502,5.773742491397625,1.4761853692219096,5.9371434471822075,-0.7411756997481141,3.2178933430373817,0.08047807210397907,0.4113566793214129,-1.5189692061462767,-3.650902045222765,-0.934388491235765,-3.782046323634406,-1.3370442888269127,0.9490319998453353,2.5737929304643075,-0.39604867087417184,-4.029140228733828,0.9755995366810715,-2.6234627923766265,1.2954217763638562,0.08415098447619818,-77.16199983716206
52920,-1.3089821608648264,1.181907465117957,0.366927039749315,-3.7720905043057438,1.3481718486683476,4.27573946014208,-0.9285662797889865,0.21703011815947673,0.25502718171828803,-1.0340328664660727,-0.5747389346566054,1.2036479077359055,-0.1399957839495305,-0.32586947767474295,0.05290443513488242,-0.4588219968792658,0.01874518800866667,-0.8563421607192381,-2.264910276728817,0.37718109248052073,3.4938544295941147,0.6374242348377746,-1.0253344112945306,-1.5472555668422248,0.11035750817930144,-1.1075989325932483,0.2132998053978082,-0.2872729864626389,-3.040378726935114,0.03414035129097957,0.0808087955539905,-1.1269358983970021,0.5285260445200632,2.185269993201368,-0.4459107021735927,-0.5882686581121187,5.118126142274421,-0.5040699650234303,-0.23687974047804333,-1.420652114948257,-0.2321591397114687,-2.5786034810209264,-0.639937130063819,0.4177033112031789,-1.073985156911911,0.8494248607726923,0.9497967161762652,-0.654418014712623,-1.6105517862510996,-0.0011836373090464002,0.6269864590547047,0.6878010780603376,-0.5920573290887385,0.45447546419803014,-0.24512747126994122,-0.09536353782010147,-8.46456503441332,0.3816611734683366,-1.9530124736817647,-0.19814535907011857,-0.3442949822923984,-1.0084220091776706,-1.254555780344728,0.18280873277621412,1.5381884362655975,0.38840900812548296,-0.010902509830789294,0.1521770975008167,0.41058428868843594,0.059544258206959334,-0.14153630619706262,5.4108305650702695,-0.6570410350492952,1.1807556654854732,-75.98124417167658
52940,-1.7081166484923294,-1.2414892698849151,1.7480989494819938,1.5511535086450794,1.2092012535562349,3.338649642448583,1.2473259196438364,-0.4801893473754113,1.387359806234988,0.01102696585856501,-1.035426618122207,0.7767683060229429,0.6773350603147407,-5.6863496733889,-0.4287179884102262,-4.017281837968181,-0.04392881493750482,-0.5533085394337529,0.29867278201078146,0.5479995598291065,-4.566435515588295,1.4018200458000558,-1.1094584758341,0.6687559616252828,-0.7379151206187522,-1.3129386351230299,1.5289841345960224,0.489975225736597,1.433624735235054,0.27095855386920936,0.39371791885793583,0.681437141726786,1.119773883438635,-1.969610232817745,-0.9787772508587742,1.045219900264278,-7.991273667149231,-0.30191038627519134,-0.3824624877788616,0.5813122867255494,-0.908540341889604,-3.060005720884797,0.46503147571166464,1.9616021003810507,1.0383341515203963,0.6477100113211037,0.8480373093114849,0.08031381167706954,0.10228596610598613,-0.2965681915216446,-3.5592597799805854,0.049218201354682335,-0.9499557326863649,0.0907333103088733,-4.116485325352078,-1.885825916254263,5.398623331618226,0.8305741209608967,-1.2827402420430603,2.6281157798574646,-0.56813558898782,-0.5513940070030245,0.8916472373131704,2.3621469579763548,6.00305241174197,0.008973518252481872,-1.187948802930235,-4.4920252770305185,-0.013823384860293853,-0.7456399733841024,-0.3078340162264781,-2.3091582990087796,0.4876003155624286,1.5307604969824522,-74.45048367469413
79170,16.71957416708522,42.736690712212386,58.922696409778666,77.32547762004596,57.167427091804434,69.91966188083443,30.600579594777354,11.870494174627154,-6.327826475266561,18.302521626599564,13.678114755330174,28.0354543314533,25.601268196663817,27.481775674536003,26.082766937097535,23.799430874493673,32.684894067238496,35.36840399966772,38.18853010500613,30.732128487851856,34.972593820956156,33.19157077539615,35.046113726343236,34.64613193234493,40.85689988051607,50.7367069805184,40.87763702656727,68.07552116687489,83.74815915372,54.04487105813934,41.94226513708338,35.97888846324278,36.89891908863847,32.49388208604888,50.70361730228557,41.27796670015131,64.38540901814737,42.9318916123407,35.943644447851625,38.74855978625726,29.951813592750295,27.116481256712838,30.27608869236932,27.592007710823754,25.107796045928005,35.52037726399281,38.22789037986446,24.696160738651194,23.83184438573094,26.18828676747075,27.399832667518023,28.587124539720733,26.69109240493527,26.41506033720431,27.156816398349317,27.27048382183506,23.255150304982187,34.382049435444294,32.95194264157079,35.53388540407918,44.43724790731302,61.786911752134145,62.72710893205761,72.67121671932189,83.7509416728631,57.31689858151059,44.26457923850712,37.85357318151193,40.602999663144516,36.748816512189,50.929349595861105,49.727601972213904,47.63388500503087,22.284246037800443,-52.16623763689368
79190,2.2985131861490786,-0.04710463768538643,-0.06739764973925735,-0.6269168305363471,-1.4012212593418676,3.785713780181827,0.33085629588971327,-1.1781934571508261,1.053779792990028,1.3418656550547767,0.5666348811976554,-0.11174720465927629,0.808845668541263,2.78455415096541,1.4516878555518704,3.879042482687168,-0.34831726399412277,-1.1357139450109859,-0.9551980227770374,-0.5469200286777092,1.9491689766243179,-0.4531178958272142,-0.42871075781087953,-1.578613661249416,-0.47192107749155565,2.0446027493019723,3.0186114924368628,0.07979141113495027,-1.36789921035703,0.1063747387674082,-1.3645598858220473,-4.847244334994634,-0.32391520530380796,-0.9842102226686086,-0.29313027117825974,0.1027245097136401,3.068824588401667,1.4094337943409614,-3.138866514099372,-0.8295636338058088,-0.35132526216004906,1.8869424792558698,-2.1174101429884127,-1.7578860987001237,0.8021396513602823,-0.3676918563862194,-1.8217836866421109,1.2681194234867086,4.0963821218158145,0.806941287695993,0.7990298382540509,1.0616031113126196,0.823041799795452,-0.27774749448296426,2.3543317481933936,-0.7230437110383682,-0.1688824072839934,-1.143864008876609,-6.004159835201917,-0.45584413138314434,0.9632764575686106,-0.5087952304337705,-1.6683331550421574,-0.06694018910584713,1.3915260247005052,-0.1700499930944572,-0.5782151545121584,-1.0707223173972118,-0.008282299776096487,-2.0299960661207552,0.82560526657423,2.9781094839628004,-1.164211730527666,-2.2584591059209904,-54.424696742814675
79530,-6.299976329138123,-1.9501890767681032,3.632438550233648,4.998351848519455,8.715232504194239,5.321912969983619,7.369023082736154,-0.6840998762999067,-4.4039679009016615,-4.646525432667895,-10.275362740512128,9.777091060848235,6.663854068132939,8.119327925452284,3.1193222229756383,6.697540874634953,-1.595958853194389,0.6579635790769307,2.3530710837594278,10.124688623985273,17.244881193636623,-2.408390099042519,2.6253852780372826,-5.461503779222076,-5.974607009526273,-3.486326813448431,-1.8497644034033394,-0.9762592331345171,-0.3755163446018739,0.8206852779259733,2.0171881766322586,14.47442696691754,-7.261788064863821,-12.47741486067677,-2.188749433752444,-7.277569597500474,-7.6555402530505585,1.6470320673206378,12.05310761804675,14.056482752083271,7.096989005329287,3.6397986275967216,6.344358426147772,4.1879892750688175,4.187449879657233,1.8874627077418549,-0.7357988795850109,2.782309366309458,5.8194991758561585,0.6131131745762316,4.908989997104784,-7.031269317146785,3.2884961520899307,-12.471959274912882,-29.849702566307087,-0.894335111730801,9.21170412071191,1.8425973256249384,8.51760536319247,-3.4086591783915012,-0.2717245878330677,-2.4476005549325532,-3.878051576451364,-4.45092787987213,-5.3514177789142074,-4.560767039676301,1.0417886611562168,7.5912663249202454,4.8069481513280845,15.63917336869052,-8.03114030394905,-8.609990406011669,-9.948849580880195,7.036154371069706,-47.38854237174497
79550,-0.7467438277919384,0.8987709855221939,2.045364827877704,-0.6495892488629108,-0.6957912416061426,0.16038862589649822,0.9597835804989886,1.159203759690295,-0.5249734810045774,1.4887349557983955,-0.20428809319818803,-0.5691496891762996,-1.1231950994077646,1.3676406557767704,-1.416996395624351,-6.260208426997243,-0.4179821015680467,-1.2439674263452916,1.5579674018129155,-0.4897632154440724,-0.46797627229502164,-0.4544824789566291,-1.5106444942472,2.512565844979711,1.7672824867396908,-1.6899103372427364,3.9105278373080656,2.2293761324916925,3.5056567613393854,0.30706391652013043,-1.7007990388351872,-2.422118220629525,0.30498116844378,0.4521297480990025,-0.022607450931418364,0.03566060809660139,-2.330535783773595,1.1142826883433326,0.8322652221381626,-0.9335864959755459,0.5007403380887494,-3.2447813053548096,0.17699861992241478,-0.7229629200031611,-2.919659614294288,-1.1315665061732203,0.96539079812062,1.7103722774119334,0.6522886426365148,-0.3075727385248088,-6.530061565045811,-0.3385683921776017,-0.269248049268192,-0.550836968407964,-1.306496732053091,0.7321977447015449,-0.46606798674468997,0.09246986656290829,0.9069082173176326,2.1119928399906813,-0.6124550322070716,0.10104133013477472,-0.44952511259400546,0.25346031638903804,-7.7974054133865875,2.6946310148691084,1.1765551172671889,0.9287648286733082,-0.43178094269395106,-1.6053928977585683,2.808870096934266,0.09411058522646366,5.068947516716807,0.6602499415353786,-46.72829243020959
80160,3.6149583760552293,0.5726618361693457,-5.359840090649448,-5.453377795187772,-7.448223742922318,-14.015644519536277,-4.66649794944534,-1.967437710923968,-2.3810317424214915,4.810782687304305,17.912942887994685,-2.052317112710919,-2.3277280142336054,-4.830352216968562,-0.13354003460324293,-1.0776337062626444,6.31612873618044,8.288891542973454,11.609879361603053,4.824630348593076,5.931868620488592,8.173283078161274,7.962908695261399,7.375236366618776,8.520447508093195,8.305957786655792,7.935874299021665,8.001115878934359,5.546251145619418,8.82826377167245,15.513461527134142,21.917103407000724,12.27414197771896,11.289675327136877,5.3222111754159105,5.507692324561436,6.966411422391816,4.67512343536002,-4.196278016079687,-10.724485429597962,-4.0096205875790245,-3.4262228197045386,-1.3192321798829165,0.6576669518839343,1.4885325919301287,1.572820560280039,0.47960262790288155,1.275156526608878,-0.5923168625973937,3.566334057097735,5.920736728596619,4.941808131814717,1.6202904716814253,4.117511072934791,3.2128595494565286,2.013719055520967,-0.878065230637345,7.461766696265494,9.347893705404584,8.547722463393406,6.987685837383834,6.797807979577523,8.193665198381934,4.790238031959338,6.2544230399523215,7.024872500508432,12.19826403867491,14.150630103077798,11.747881136808761,7.680674840635016,2.862767690751268,5.294161617351577,5.422633149495552,0.45661420368714634,-46.27167822652245
80370,22.810606410477178,3.9929038825645993,14.905098113951219,20.334596578626385,2.9811704264191605,-51.0246079552003,-2.5789595784110206,-4.1711204091917775,-7.361808186447473,-3.0548479996258675,-5.058311028869613,-1.8103526207599567,3.6913888726329076,2.270207634915668,5.380767919213434,1.2921739998321324,4.77534846167599,5.346469273125691,4.8430548668951,-0.9763548057966771,1.320959644036732,3.1573392587916627,-1.4640972755337007,2.121308003185536,1.7004603550436317,0.31953963811635755,0.7880054863809232,-3.3050590061246634,3.440761938041012,-2.4880153671142295,-0.6953903690681231,0.9447173423271811,1.265658222817678,1.4744546029850316,-0.6310077409481727,-0.4088161076708748,-2.8822702744172797,-4.428207640975693,-0.32122693362097005,-3.241794240557809,1.5503979160617347,-1.7332273074915012,3.0426763650307658,4.8333580403981475,8.150019071606629,5.474607160187422,10.801588307352317,-1.745655506937726,-2.717032481660174,-2.983080346480611,-5.938714345137925,-3.615779253128082,1.783484767657422,-2.9102648017532067,-2.7045266144310274,1.2365415670503617,6.507286516631329,-3.729292173090945,-4.181174870842921,-4.1280291735355075,-2.142387717077532,-0.05162244514385115,-0.28066750128704054,3.2767137863527465,-0.6647571645139047,2.8765591353005533,-1.9313771632690888,-1.3520875514845012,-1.086721321420745,-0.476618418056046,3.249527776535501,-2.4953150535358923,-1.4752755890998328,-22.881671818921195,-69.15335004544364
80700,22.406754603110876,4.453961465429951,0.09392174088692669,-2.0273808890296787,0.223297048489739,-3.8401741478857017,0.6522229211491934,6.380136169092859,13.547611253466028,11.878867055261473,19.868955334995654,1.202379773894654,-0.6701901204096838,-1.6856954987246566,-0.3664670279176346,-4.4883602714692925,0.13466542580649998,0.38053712781535254,-1.3356840955068305,1.422789521457535,1.5067547294997448,-0.10194903418708164,3.383450973977762,0.5750203987831574,0.5306129961523788,3.361675613412391,3.3258620708822573,1.297979309037683,-3.081400470160195,-0.7927322035048427,-3.3810386330437674,-2.2246997454037922,-2.287821780394763,-5.071289130617668,-0.5668978881998326,-4.172946378406332,-1.1135137158961859,4.9650807872961025,9.718484428647589,14.701279075641025,7.1294643048955155,8.842364265227745,-0.6780560098831826,-1.2011696605678392,-4.8213979488764265,1.2841431948220254,0.8041335376140024,2.0431573268637764,-1.333846707485871,1.9192323594738807,2.18513280719558,-0.5965186397069632,-0.13211067847605085,-2.5061281978582786,-2.7256853641074095,-0.43955855086154155,0.689355861087765,-1.3508364536801032,-0.7792707724326965,-1.1582652591009805,-0.758673835132927,-3.264598368905575,-5.518969218291447,-4.0147437792055545,-5.576792808098178,0.35526884094977706,1.2049231632464643,0.7427777260734276,0.34397868702627993,0.24942856286588264,1.1537140888369164,4.999691831695679,2.4264357054688963,-21.491283989208227,-90.64463403465187
80820,-1.3814037515326496,1.1610235542902418,-1.0615208093838857,-1.316812008058841,-0.5610613408672976,0.6517114944770812,0.6049155336405937,0.7351886747764894,-0.72980090312652,-0.22687576827523803,-2.073562934251995,-2.53764559129207,-0.6979141438763481,-0.6553517236464516,0.8402596600241234,7.600178392401629,-3.47281738833291,-3.9483203941975424,-1.72466696361242,-3.4478544697175026,-2.8700450941840807,-1.7842243740697241,-0.006368784477082803,-1.5191614821997796,-1.2054586091679271,-0.5280695794486181,-0.9507543212801072,0.39858647603610453,-1.3810337549815808,0.8446912624139494,1.424168497690727,-3.6449476530979905,0.0657189024102656,-1.4363410136709396,2.2625643921714995,4.060531533123552,1.2817981080150327,-1.4256740632969627,2.309669386861255,0.41834304684803064,-2.3731987515594524,-7.501439090696538,-1.1620280210460159,-3.3236375735172317,-4.705954849374407,-5.852506208979365,-10.375043112834161,-1.489644291811192,3.1683468796048655,-1.5727408163336778,1.4543031454407385,-4.281612946175803,-2.538793766226358,-4.670049926379849,-7.002620451838327,-3.0235838207789376,-2.544647590896962,-1.5015084439193023,-5.365187653238865,-3.066297947142668,0.10837636446828211,0.6395102436738385,0.9616321454447403,2.3475797841097514,1.7472059298706935,1.6676467830265644,0.5616422845296234,-6.030628431254228,0.48539553370804345,0.792614811969315,1.175126214309888,-0.018826661160078854,2.8439043611923567,0.3398259719889283,-90.30480806266294
80850,-19.45737862797653,-1.1795563551328339,-0.7434706113766906,0.18437824838461978,-0.5236427453548647,1.0304333009042008,1.2555621066279927,-0.853401739723174,-5.7081911375207675,3.689992145634007,4.387304136582993,-0.42102105655525396,-1.363256404224176,0.9029394220841682,-3.325446322379136,-4.674554087492327,0.4434329584221056,-1.1181256061248932,-3.9407550153586204,0.008089613794301712,-1.340782603053398,0.14063541512169453,-2.8264566798092323,-0.9957372511144416,-0.6026148795133485,-0.5938667851365872,1.3504308999205132,0.1632471895272407,3.2623360373652934,3.4257072638000046,1.498548138286529,3.556343503447045,-0.7181330760766929,-1.2441735039783717,1.041333762899753,-0.23064914709097717,-2.5836716755905873,-0.4373679982173689,-0.5478701575891008,7.201922389043124,0.017297832243405524,-2.5313947278635807,-0.15814179684390592,-2.4061751501304736,1.0075144173196597,-2.220243932949965,0.12312973151937792,-0.9808484533772018,-1.6343588184594868,1.271880770360011,2.0128580227212463,2.3526552756131265,0.05510898521046407,-0.10359494884287739,2.7265363789743753,0.17948714509172672,1.558657206989522,-1.5488678971203689,1.4670301711359701,-3.96579147589899,-0.7325687431280054,0.551726212719131,-1.4266785565909552,-1.1212599006453592,2.320685911099029,-2.710469305793036,0.5732670201227331,5.792001691335105,0.07355179961104888,1.37737113831817,-1.36590053541658,-2.585460453992056,0.3216019973143427,19.399885554422063,-70.90492250824087
80910,-4.2943834364373235,-3.258817217965705,-3.496357979025516,-1.5527122775342073,-3.270131810061415,-4.464742129101162,-3.935636235004765,-6.097384343933807,-11.503246369715706,-6.140072990385274,-5.959771191333308,-2.1259668854984315,-1.5413764310683271,-4.431593838950722,0.3389828764316866,-2.5649450009154857,0.40874128636782153,1.0244285343439037,1.9669389314629757,-1.0865235684770238,-1.9131244699791645,-0.5015059004730993,1.6509579516129982,-0.5198761640402286,0.3959949364514659,-0.7818403723418763,-2.2083184762376957,1.7383511322015068,-2.939091296042723,-1.6819566248774038,0.7646727181075136,-0.8856875632302829,1.5331579880182455,-1.5098897995015832,-2.5744952647724397,-4.000031598539624,-0.3333970968047465,-1.9353617210680294,-7.847759323115737,-12.38140153859662,-4.334346764475454,-4.399376576409642,-2.1716642957983594,-0.1398069076751171,-2.377226560881555,-3.034209335964303,-9.37284570975182,-3.960570334108475,-3.5495394605521535,-1.4728588119064407,-0.3355000047588246,-0.11187342625411895,-4.079388911735867,0.6502859776124709,-2.997337596211745,0.01634805885940781,1.6173873373086995,-0.7670718375529052,-2.888227257771152,2.5699076928413267,-1.6796378581453844,-3.299943436771117,-0.27745890021702635,-1.6095705200170536,-4.414609798652599,0.8647170429538351,-0.020556909834348436,5.173708972371637,0.4392222198083974,1.6803121363535918,0.6328705376598539,1.30669794684654,0.8626711170673521,2.4179906406129295,-68.48693186762794
80930,-6.106892103882378,-0.38398853328300403,1.218786019670487,0.20336788494495875,-1.6671484166180386,-1.9281245343150002,1.9363879642192907,1.4779972879260277,4.928466953815079,-1.5943286163967385,-3.8546109322895914,-0.18870207584038393,-1.8736101338416329,-1.6002566934595899,-1.4872615340610837,-0.15097097713995963,0.22830855158471905,-0.12340932806900622,-1.2159894415925925,0.9852266283109231,2.0584000354731833,0.08001783685544075,-4.604016020655377,0.07794629738117698,0.1460206245987513,0.7382058416674581,0.44734095656203227,-1.783853633523576,1.6984878043931289,-1.027925093064158,-1.018568322257225,-1.8848372218205036,-1.3153760434235193,5.072057201414395,0.4947612324757317,2.6333114088092366,2.630626599088435,-0.46430485124427323,0.6810732194055198,-1.7112150502024184,-0.7154720295241298,-3.17853676814086,-0.7110152350393565,-1.0586833538636036,1.9609550533923321,0.8649152833249736,2.233463533783684,2.642927640324268,2.3246459108911424,-1.2101456486593576,3.1752043814718274,-1.5101590072475835,2.0435354056205104,-0.13702155128926394,6.818397716178733,-1.5148575184556354,-0.2667940072041937,0.2075982530943163,2.3607113979463654,-0.2442069057041927,0.4399519891088708,1.103435974319361,-1.4137985605306427,1.0758014260577546,1.8372732116180797,0.5759900689498536,0.5171342910543302,0.5283068547237341,0.9121678332373943,1.8454617664421162,-1.7584014200846427,-3.7944482723760835,-2.733896316917534,6.260763413493501,-62.226168454134445
80960,-3.9642605997690987,1.4759969573146157,-0.4347306686290198,5.271757168345224,0.5438670169294327,2.188166420715824,0.4111374430630978,-1.1101919154588875,-1.5569813797817909,1.7231741852956464,1.5056611107391789,1.2209320141717335,0.7734730806446917,0.1370968436129546,0.9113649326066707,1.5889608206609012,-1.5166965621176378,1.4126016277641684,1.1279347599942988,0.3896061915836435,1.6677090608829943,-0.34851125708483177,7.094685068681318,-0.6963633887190859,-3.1361061531950525,-5.0194481213503535,5.434662184791895,-2.8148484316319897,-4.172109213348103,1.2814396948038322,1.137606118667219,0.932958433382562,0.0024392314569428634,-4.75143816922125,2.3332443686083097,1.4338357805266644,1.5201548674051115,0.13276740655098057,-0.8367410448227006,2.0233418174799462,2.7334063095316186,5.7329337177693445,0.7975164088079756,1.6339812009192487,-1.2456153832547292,1.2045429172022009,-1.6867111161642627,1.8360788981116833,4.663073967796995,3.767715624362681,-0.009350580162070181,1.4795930165507791,1.5239183562234009,-1.2198863442729708,-8.880265635299015,1.2334054024736427,-1.5249540628364353,1.3712398079974657,-1.730678063133115,2.8111657167668973,2.651210901568421,0.5050913558520063,0.4148764897174352,-2.50381677696452,-1.9010366908703902,-2.3795167902039105,1.0084420533029925,6.0092051355049305,1.5878704662566117,-0.2708162349215673,-0.41648824306789123,-0.37250969871917744,-1.5957103087230118,4.471348379205799,-57.754820074928645
80980,0.10406625790573316,1.9905963863629192,-0.32369342622839237,-5.3331894976609755,1.536761480548233,-4.5908142875200735,0.09817619283795256,1.1875051887638726,1.4486230568972729,-0.4082768192672254,-5.7395706427142406,0.48818893861188983,-0.36267793165136997,4.733611861255824,0.6344505441918576,-0.46664105853350085,0.4101151743210229,-1.1174499134838767,1.7054162684592507,0.41868992557734985,0.7217560466641493,-0.9186706661056423,-5.109949346537733,-0.9891167803256605,0.7440502698773463,2.162107559096364,-2.0585342294353413,-1.4695640659668578,-0.1613343985059707,-1.0474562558676168,0.08956894849495375,-4.396419498888563,1.6564044616502724,1.7317288832345523,0.4484074353192738,0.801418421538657,0.24956245921893758,0.7668805723057804,1.1021474297729925,-3.6925929937730104,0.6706093289892491,-3.2685039572372467,-1.9722193635964016,-1.7599415836341068,-4.310235661050327,0.5394916336235885,2.367605464783752,0.3321409244322099,-4.50536833290048,-0.8699394496863471,0.5843908759319936,0.27850649428448615,-0.9959589323786422,0.6840727995523643,5.9233487918525585,-0.146526856143265,0.8196449203130022,0.5467082405840831,2.3022258550583263,-3.7180408058232888,-0.3166832009717587,-0.5708109600818382,-0.9767108243785367,-0.08574060693053331,-0.8652891325613472,0.8175114422631727,1.8299423149761183,-4.580530398852718,-0.0732800190222884,1.1144744546676184,1.758210485354288,-0.1269149469326677,4.896562778919223,-0.33652504310102616,-58.09134511802967
81010,-9.393070753394536,-1.074474563771769,0.6675501999163482,7.28078982807877,-0.6575004031118138,-0.9196618559502666,0.30496670693867983,-0.04240530068375081,-0.007037655704385813,1.9903611375171053,8.74324862725294,-0.403410598506876,-1.887297593870436,-2.293554878570782,-2.286986161427009,4.998058578633622,1.0593400031621714,1.4000404852863837,-0.8449957151866598,-0.20300361591256225,1.142327948909879,2.15033867107754,4.106657313832525,1.565502085690183,2.049148005017491,1.8485262040022248,5.28924914428872,4.1859238958533975,2.4617032947027004,1.7894830299784692,-0.6208615120637048,5.3930652765585805,-2.2043212928625557,-0.6287202558427,-0.7062951104346943,-1.17939210334083,-1.8521056122292583,1.0264062773143996,0.7903698367312197,5.463035560973498,-0.04913556148079011,3.476845015203516,2.5335236784083124,-0.683569576745934,4.446048585499045,-0.2667136165511479,-2.7054011538860614,-1.5082298231180866,-0.4540441517795672,-1.9802100048922038,-3.3280269170129415,0.9190422516603161,0.92412104367864,1.591413941579789,0.8820995648935919,0.8318324660700424,4.80026273911584,-0.12480835493384655,-1.1347269379280058,3.3196553371788666,-1.0487218083779324,2.8369105010504003,3.1960272252314286,1.2163154600130024,-1.3440105617342075,0.6809542070461607,-1.2843980575449845,1.4431504799369466,-0.9486607963942337,-0.4993653603127423,2.032726156915603,4.573247955853536,-2.524390767813783,10.333540628965027,-47.75780448906465
85070,44.14414558878972,-1.9384203108502875,5.70758369052764,9.659539916383975,6.418509524666755,7.604036611888078,3.2457298327267763,-4.671735044256442,-8.128138124099683,-16.440533700342062,-34.8914854280221,8.897200718170707,7.1001902572153135,5.630004623144522,1.445549295550079,-7.780088020044299,5.952240152527045,9.805239860403706,8.639994404583682,9.155677658622274,3.5321210719199705,3.3023515409517645,1.3779654743751282,3.4321997879386243,1.7280548645740803,1.3045631366582833,-1.9867449307642562,1.1368924590983458,2.865561775550522,0.512908324590961,2.7561212394244365,-3.1372400469833535,4.01581385952735,5.085965620869394,0.9710093919763123,-2.4466146313694224,3.0018070180235985,-1.502365667192416,-4.546352149794193,-8.469765771651566,-4.117479666358398,-7.841910559292386,0.046000830847327104,5.632582610166478,7.514390629324153,1.7659101538331046,-0.8796573081100515,3.4639073931537974,-2.8794255514897897,9.28225561446977,11.679258645356438,7.211698030784121,3.321514618366616,7.803146209543312,8.363186338396106,5.4347729418127795,6.835841031002273,7.259188792772398,6.1115603440544986,5.879882456434639,6.0255139538650395,-4.542330544168167,-6.3643521333717334,-4.467897298158234,-5.425549173195128,0.4146929944804971,7.065571608691424,6.745850028250374,11.531252099968533,15.981563511581214,-4.185039620500744,1.6053070678636936,-3.7056632466806407,-42.32593876809232,-90.08374325715697
85790,-12.105619588473008,3.353711876177489,1.7183993619814513,4.862927800548441,-1.89056930450562,-0.3670472007489833,-2.2680611256725323,-1.283421326716443,0.5307683185347956,2.8610320651838266,9.677292947244633,-7.655342798558137,0.5042269579088927,2.0495974967823667,8.308271445797633,10.472835748708935,0.9595504042787008,-12.930628369753355,-24.060141451761364,-14.334272309290055,-4.3364905249336205,5.053805518513834,6.336868260257796,9.435408724620375,7.940219228360173,5.012770636316482,3.245571485935033,4.868358997483745,3.8869772833963343,3.5226074551840805,1.9431478353961833,-0.9251628615140032,7.821140780557284,14.160071402877033,0.09854587775822532,2.428327642343463,-0.2104444202798408,-1.8813970561970341,-1.6721442252882495,-2.17257566320474,-2.383507710146784,-4.231699680542312,-1.9120895897912753,-4.1045167909544675,-7.667062326532695,-0.8793784455071713,2.651051478144821,-7.672291386696156,-12.341331579778663,-9.929815216427432,-14.486587242061475,-0.7747374979902736,-2.039033747320789,6.112357879106159,12.290808926838297,6.87135891303977,10.890783745665228,1.2931914180114052,-0.07497689735261098,0.5694632554452277,4.059873866134155,-0.730910465542423,-13.13620426242604,3.303131112642008,1.8080202155475429,6.3013898472589425,10.46069353928149,14.966790528490147,6.895883838427159,10.279804693500108,8.398209374460539,5.316803974641043,5.942160073295206,13.232180293397757,-76.8515629637592
